#2026 06 08 19:13:21.928#Z#INFO#1d9878e4-636e-11f1-a12f-eeee0a99901e.OPERATION#http-nio-0.0.0.0-8080-exec-5#
[XS2StartProcessListener] Operation ID: 1d9878e4-636e-11f1-a12f-eeee0a99901e#
#2026 06 08 19:13:21.955#Z#DEBUG#1d9878e4-636e-11f1-a12f-eeee0a99901e.OPERATION#http-nio-0.0.0.0-8080-exec-5#
[XS2StartProcessListener] Process environment: {
  "SKIP_SSL_VALIDATION" : "false",
  "FLOWABLE_JOB_EXECUTOR_MAX_THREADS" : "32",
  "VERSION" : "2.46.0",
  "BASIC_AUTH_ENABLED" : "true",
  "FLOWABLE_JOB_EXECUTOR_QUEUE_CAPACITY" : "16",
  "FLOWABLE_JOB_EXECUTOR_CORE_THREADS" : "8"
}#
#2026 06 08 19:13:21.955#Z#DEBUG#1d9878e4-636e-11f1-a12f-eeee0a99901e.OPERATION#http-nio-0.0.0.0-8080-exec-5#
[XS2StartProcessListener] Current user: adnan.s@xeronity.com#
#2026 06 08 19:13:21.955#Z#DEBUG#1d9878e4-636e-11f1-a12f-eeee0a99901e.OPERATION#http-nio-0.0.0.0-8080-exec-5#
[XS2StartProcessListener] Client space: dev#
#2026 06 08 19:13:21.955#Z#DEBUG#1d9878e4-636e-11f1-a12f-eeee0a99901e.OPERATION#http-nio-0.0.0.0-8080-exec-5#
[XS2StartProcessListener] Client organization: 4813756dtrial#
#2026 06 08 19:13:21.955#Z#INFO#1d9878e4-636e-11f1-a12f-eeee0a99901e.OPERATION#http-nio-0.0.0.0-8080-exec-5#
[XS2StartProcessListener] Process variables: {
  "keepFiles" : false,
  "skipAppDigestCalculation" : false,
  "abortOnError" : false,
  "mtaId" : "poapp",
  "noFailOnMissingPermissions" : false,
  "isSecurityEnabled" : false,
  "apiRequestPath" : "https://deploy-service.cf.us10-001.hana.ondemand.com/api/v1/spaces/582d9646-098e-45fd-9876-46d4d4c5357f/operations",
  "deleteServiceBrokers" : false,
  "appArchiveId" : "b7a848a1-a9a8-43f4-9d0a-4c8293a56c49",
  "isDisposableUserProvidedServiceEnabled" : false,
  "deleteServiceKeys" : false,
  "noRestartSubscribedApps" : false,
  "noStart" : false,
  "deleteServices" : false
}#
#2026 06 08 19:13:22.033#Z#DEBUG#1d9878e4-636e-11f1-a12f-eeee0a99901e.OPERATION#flowable-async-job-executor-thread-10089#
[ValidateDeployParametersStep] Executing task "validateParametersTask" of process "1d98790a-636e-11f1-a12f-eeee0a99901e"...#
#2026 06 08 19:13:22.033#Z#DEBUG#1d9878e4-636e-11f1-a12f-eeee0a99901e.OPERATION#flowable-async-job-executor-thread-10089#
[ValidateDeployParametersStep] Validating parameters...#
#2026 06 08 19:13:22.037#Z#INFO#1d9878e4-636e-11f1-a12f-eeee0a99901e.OPERATION#flowable-async-job-executor-thread-10089#
[ValidateDeployParametersStep] Size of mtars is 15,711,122 and size of extension descriptors is 0#
#2026 06 08 19:13:22.094#Z#INFO#1d9878e4-636e-11f1-a12f-eeee0a99901e.OPERATION#flowable-async-job-executor-thread-10089#
[ValidateDeployParametersStep] Archive was not split! Total size in bytes: 15,711,122#
#2026 06 08 19:13:22.094#Z#INFO#1d9878e4-636e-11f1-a12f-eeee0a99901e.OPERATION#flowable-async-job-executor-thread-10089#
[ValidateDeployParametersStep] Deploying in org "4813756dtrial" and space "dev"#
#2026 06 08 19:13:22.116#Z#DEBUG#1d9878e4-636e-11f1-a12f-eeee0a99901e.OPERATION#flowable-async-job-executor-thread-10089#
[ValidateDeployParametersStep] Parameters validated#
#2026 06 08 19:13:22.116#Z#DEBUG#1d9878e4-636e-11f1-a12f-eeee0a99901e.OPERATION#flowable-async-job-executor-thread-10089#
Step "Validate Parameters" finished#
#2026 06 08 19:13:22.155#Z#DEBUG#1d9878e4-636e-11f1-a12f-eeee0a99901e.OPERATION#flowable-async-job-executor-thread-10090#
[DeleteRemainingFileParts] Executing task "deleteRemainingFileParts" of process "1d98790a-636e-11f1-a12f-eeee0a99901e"...#
#2026 06 08 19:13:22.157#Z#DEBUG#1d9878e4-636e-11f1-a12f-eeee0a99901e.OPERATION#flowable-async-job-executor-thread-10090#
Step "Delete Remaining File Parts" finished#
#2026 06 08 19:13:22.193#Z#DEBUG#1d9878e4-636e-11f1-a12f-eeee0a99901e.OPERATION#flowable-async-job-executor-thread-10091#
[XS2ProcessMtaArchiveStep] Executing task "processArchiveTask" of process "1d98790a-636e-11f1-a12f-eeee0a99901e"...#
#2026 06 08 19:13:22.194#Z#DEBUG#1d9878e4-636e-11f1-a12f-eeee0a99901e.OPERATION#flowable-async-job-executor-thread-10091#
[XS2ProcessMtaArchiveStep] Processing MTA archive...#
#2026 06 08 19:13:22.195#Z#DEBUG#1d9878e4-636e-11f1-a12f-eeee0a99901e.OPERATION#flowable-async-job-executor-thread-10091#
[XS2ProcessMtaArchiveStep] MTA Archive ID: b7a848a1-a9a8-43f4-9d0a-4c8293a56c49#
#2026 06 08 19:13:22.680#Z#DEBUG#1d9878e4-636e-11f1-a12f-eeee0a99901e.OPERATION#flowable-async-job-executor-thread-10091#
[XS2ProcessMtaArchiveStep] MTA Descriptor length: 1,395#
#2026 06 08 19:13:22.680#Z#DEBUG#1d9878e4-636e-11f1-a12f-eeee0a99901e.OPERATION#flowable-async-job-executor-thread-10091#
[XS2ProcessMtaArchiveStep] MTA Archive Modules: [poapp-srv, poapp-ui, poapp-db-deployer]#
#2026 06 08 19:13:22.680#Z#DEBUG#1d9878e4-636e-11f1-a12f-eeee0a99901e.OPERATION#flowable-async-job-executor-thread-10091#
[XS2ProcessMtaArchiveStep] MTA Archive Requires: []#
#2026 06 08 19:13:22.680#Z#DEBUG#1d9878e4-636e-11f1-a12f-eeee0a99901e.OPERATION#flowable-async-job-executor-thread-10091#
[XS2ProcessMtaArchiveStep] MTA Archive Resources: [poapp-auth]#
#2026 06 08 19:13:22.693#Z#DEBUG#1d9878e4-636e-11f1-a12f-eeee0a99901e.OPERATION#flowable-async-job-executor-thread-10091#
[XS2ProcessMtaArchiveStep] MTA archive processed#
#2026 06 08 19:13:22.693#Z#DEBUG#1d9878e4-636e-11f1-a12f-eeee0a99901e.OPERATION#flowable-async-job-executor-thread-10091#
Step "Process Archive" finished#
#2026 06 08 19:13:22.744#Z#DEBUG#1d9878e4-636e-11f1-a12f-eeee0a99901e.OPERATION#flowable-async-job-executor-thread-10092#
[ProcessMtaExtensionDescriptorsStep] Executing task "processExtensionDescriptorsTask" of process "1d98790a-636e-11f1-a12f-eeee0a99901e"...#
#2026 06 08 19:13:22.746#Z#DEBUG#1d9878e4-636e-11f1-a12f-eeee0a99901e.OPERATION#flowable-async-job-executor-thread-10092#
[ProcessMtaExtensionDescriptorsStep] Processing MTA extension descriptors...#
#2026 06 08 19:13:22.746#Z#DEBUG#1d9878e4-636e-11f1-a12f-eeee0a99901e.OPERATION#flowable-async-job-executor-thread-10092#
[ProcessMtaExtensionDescriptorsStep] Provided extension descriptors: [ ]#
#2026 06 08 19:13:22.746#Z#DEBUG#1d9878e4-636e-11f1-a12f-eeee0a99901e.OPERATION#flowable-async-job-executor-thread-10092#
[ProcessMtaExtensionDescriptorsStep] No extension descriptors in use#
#2026 06 08 19:13:22.746#Z#DEBUG#1d9878e4-636e-11f1-a12f-eeee0a99901e.OPERATION#flowable-async-job-executor-thread-10092#
[ProcessMtaExtensionDescriptorsStep] MTA extension descriptors processed#
#2026 06 08 19:13:22.746#Z#DEBUG#1d9878e4-636e-11f1-a12f-eeee0a99901e.OPERATION#flowable-async-job-executor-thread-10092#
Step "Process Extension Descriptors" finished#
#2026 06 08 19:13:22.794#Z#DEBUG#1d9878e4-636e-11f1-a12f-eeee0a99901e.OPERATION#flowable-async-job-executor-thread-10093#
[XS2DetectMtaSchemaVersionStep] Executing task "detectSchemaVersionTask" of process "1d98790a-636e-11f1-a12f-eeee0a99901e"...#
#2026 06 08 19:13:22.795#Z#DEBUG#1d9878e4-636e-11f1-a12f-eeee0a99901e.OPERATION#flowable-async-job-executor-thread-10093#
[XS2DetectMtaSchemaVersionStep] Detecting MTA major schema version...#
#2026 06 08 19:13:22.799#Z#INFO#1d9878e4-636e-11f1-a12f-eeee0a99901e.OPERATION#flowable-async-job-executor-thread-10093#
[XS2DetectMtaSchemaVersionStep] Detected MTA schema version: "3"#
#2026 06 08 19:13:22.806#Z#DEBUG#1d9878e4-636e-11f1-a12f-eeee0a99901e.OPERATION#flowable-async-job-executor-thread-10093#
Step "Detect Schema Version" finished#
#2026 06 08 19:13:22.849#Z#DEBUG#1d9878e4-636e-11f1-a12f-eeee0a99901e.OPERATION#flowable-async-job-executor-thread-10094#
[MergeDescriptorsStep] Executing task "mergeDescriptorsTask" of process "1d98790a-636e-11f1-a12f-eeee0a99901e"...#
#2026 06 08 19:13:22.850#Z#DEBUG#1d9878e4-636e-11f1-a12f-eeee0a99901e.OPERATION#flowable-async-job-executor-thread-10094#
[MergeDescriptorsStep] Validating and merging descriptors...#
#2026 06 08 19:13:22.853#Z#DEBUG#1d9878e4-636e-11f1-a12f-eeee0a99901e.OPERATION#flowable-async-job-executor-thread-10094#
[MergeDescriptorsStep] Merged deployment descriptor: {
  "majorSchemaVersion" : 3,
  "schemaVersion" : "3.3.0",
  "id" : "poapp",
  "version" : "1.0.0",
  "modules" : [ {
    "majorSchemaVersion" : 3,
    "name" : "poapp-srv",
    "type" : "javascript.nodejs",
    "path" : "poapp-srv",
    "properties" : { },
    "parameters" : {
      "buildpack" : "nodejs_buildpack",
      "instances" : 1
    },
    "requiredDependencies" : [ {
      "majorSchemaVersion" : 3,
      "name" : "********",
      "properties" : { },
      "parameters" : { },
      "propertiesMetadata" : {
        "metadata" : { }
      },
      "parametersMetadata" : {
        "metadata" : { }
      }
    }, {
      "majorSchemaVersion" : 3,
      "name" : "poapp-db",
      "properties" : { },
      "parameters" : { },
      "propertiesMetadata" : {
        "metadata" : { }
      },
      "parametersMetadata" : {
        "metadata" : { }
      }
    } ],
    "providedDependencies" : [ {
      "majorSchemaVersion" : 3,
      "name" : "srv-api",
      "isPublic" : false,
      "properties" : {
        "srv-url" : "${default-url}"
      },
      "parameters" : { },
      "propertiesMetadata" : {
        "metadata" : { }
      },
      "parametersMetadata" : {
        "metadata" : { }
      }
    }, {
      "majorSchemaVersion" : 3,
      "name" : "poapp-srv",
      "isPublic" : false,
      "properties" : { },
      "parameters" : { },
      "propertiesMetadata" : {
        "metadata" : { }
      },
      "parametersMetadata" : {
        "metadata" : { }
      }
    } ],
    "propertiesMetadata" : {
      "metadata" : { }
    },
    "parametersMetadata" : {
      "metadata" : { }
    },
    "hooks" : [ ]
  }, {
    "majorSchemaVersion" : 3,
    "name" : "poapp-ui",
    "type" : "javascript.nodejs",
    "path" : "poapp-ui",
    "properties" : { },
    "parameters" : {
      "buildpack" : "nodejs_buildpack"
    },
    "requiredDependencies" : [ {
      "majorSchemaVersion" : 3,
      "name" : "srv-api",
      "group" : "destinations",
      "properties" : {
        "name" : "srv-api",
        "forwardAuthToken" : "********",
        "strictSSL" : true,
        "url" : "~{srv-url}"
      },
      "parameters" : { },
      "propertiesMetadata" : {
        "metadata" : { }
      },
      "parametersMetadata" : {
        "metadata" : { }
      }
    }, {
      "majorSchemaVersion" : 3,
      "name" : "********",
      "properties" : { },
      "parameters" : { },
      "propertiesMetadata" : {
        "metadata" : { }
      },
      "parametersMetadata" : {
        "metadata" : { }
      }
    } ],
    "providedDependencies" : [ {
      "majorSchemaVersion" : 3,
      "name" : "poapp-ui",
      "isPublic" : false,
      "properties" : { },
      "parameters" : { },
      "propertiesMetadata" : {
        "metadata" : { }
      },
      "parametersMetadata" : {
        "metadata" : { }
      }
    } ],
    "propertiesMetadata" : {
      "metadata" : { }
    },
    "parametersMetadata" : {
      "metadata" : { }
    },
    "hooks" : [ ]
  }, {
    "majorSchemaVersion" : 3,
    "name" : "poapp-db-deployer",
    "type" : "com.sap.xs.hdi",
    "path" : "poapp-db-deployer",
    "properties" : {
      "EXIT" : 1
    },
    "parameters" : {
      "memory" : "256M",
      "buildpack" : "nodejs_buildpack",
      "no-route" : true,
      "dependency-type" : "hard",
      "tasks" : [ {
        "name" : "deploy",
        "memory" : "256M",
        "command" : "npm start"
      } ],
      "no-start" : true
    },
    "requiredDependencies" : [ {
      "majorSchemaVersion" : 3,
      "name" : "poapp-db",
      "properties" : { },
      "parameters" : { },
      "propertiesMetadata" : {
        "metadata" : { }
      },
      "parametersMetadata" : {
        "metadata" : { }
      }
    } ],
    "providedDependencies" : [ {
      "majorSchemaVersion" : 3,
      "name" : "poapp-db-deployer",
      "isPublic" : false,
      "properties" : { },
      "parameters" : { },
      "propertiesMetadata" : {
        "metadata" : { }
      },
      "parametersMetadata" : {
        "metadata" : { }
      }
    } ],
    "propertiesMetadata" : {
      "metadata" : { }
    },
    "parametersMetadata" : {
      "metadata" : { }
    },
    "hooks" : [ ]
  } ],
  "resources" : [ {
    "majorSchemaVersion" : 3,
    "name" : "********",
    "type" : "org.cloudfoundry.managed-service",
    "properties" : { },
    "parameters" : {
      "path" : "./xs-security.json",
      "service-plan" : "application",
      "type" : "managed-service",
      "config" : {
        "oauth2-configuration" : "********",
        "tenant-mode" : "dedicated",
        "xsappname" : "poapp-${org}-${space}"
      },
      "service" : "xsuaa"
    },
    "isActive" : true,
    "isOptional" : false,
    "propertiesMetadata" : {
      "metadata" : { }
    },
    "parametersMetadata" : {
      "metadata" : { }
    },
    "requiredDependencies" : [ ],
    "processedAfter" : [ ]
  }, {
    "majorSchemaVersion" : 3,
    "name" : "poapp-db",
    "type" : "com.sap.xs.hdi-container",
    "properties" : { },
    "parameters" : {
      "type" : "managed-service",
      "service" : "hana",
      "service-plan" : "hdi-shared"
    },
    "isActive" : true,
    "isOptional" : false,
    "propertiesMetadata" : {
      "metadata" : { }
    },
    "parametersMetadata" : {
      "metadata" : { }
    },
    "requiredDependencies" : [ ],
    "processedAfter" : [ ]
  } ],
  "parameters" : {
    "enable-parallel-deployments" : true
  },
  "parametersMetadata" : {
    "metadata" : { }
  }
}#
#2026 06 08 19:13:22.854#Z#DEBUG#1d9878e4-636e-11f1-a12f-eeee0a99901e.OPERATION#flowable-async-job-executor-thread-10094#
[MergeDescriptorsStep] Descriptors validated and merged#
#2026 06 08 19:13:22.854#Z#DEBUG#1d9878e4-636e-11f1-a12f-eeee0a99901e.OPERATION#flowable-async-job-executor-thread-10094#
Step "Merge Descriptors" finished#
#2026 06 08 19:13:22.900#Z#DEBUG#1d9878e4-636e-11f1-a12f-eeee0a99901e.OPERATION#flowable-async-job-executor-thread-10095#
[DetectDeployedMtaStep] Executing task "detectDeployedMtaTask" of process "1d98790a-636e-11f1-a12f-eeee0a99901e"...#
#2026 06 08 19:13:22.901#Z#DEBUG#1d9878e4-636e-11f1-a12f-eeee0a99901e.OPERATION#flowable-async-job-executor-thread-10095#
[DetectDeployedMtaStep] Detecting deployed MTA...#
#2026 06 08 19:13:22.902#Z#DEBUG#1d9878e4-636e-11f1-a12f-eeee0a99901e.OPERATION#flowable-async-job-executor-thread-10095#
[DetectDeployedMtaStep] Detecting MTA by id poapp and namespace null#
#2026 06 08 19:13:22.903#Z#DEBUG#1d9878e4-636e-11f1-a12f-eeee0a99901e.OPERATION#flowable-async-job-executor-thread-10095#
[DetectDeployedMtaStep] Getting applications by metadata label selector "mta_id=05a6298e3683906cbc7c5db535c17c87,!mta_namespace"...#
#2026 06 08 19:13:22.970#Z#DEBUG#1d9878e4-636e-11f1-a12f-eeee0a99901e.OPERATION#flowable-async-job-executor-thread-10095#
[DetectDeployedMtaStep] Getting service instances by metadata label selector "mta_id=05a6298e3683906cbc7c5db535c17c87,!mta_namespace"...#
#2026 06 08 19:13:23.134#Z#DEBUG#1d9878e4-636e-11f1-a12f-eeee0a99901e.OPERATION#flowable-async-job-executor-thread-10095#
[DetectDeployedMtaStep] Deployed MTA: {
  "metadata" : {
    "id" : "poapp",
    "version" : "1.0.0"
  },
  "applications" : [ {
    "name" : "poapp-db-deployer",
    "metadata" : {
      "guid" : "209896b1-aaf1-45ff-a8e2-2fcba22e0536",
      "createdAt" : [ 2026, 6, 1, 11, 16, 40 ],
      "updatedAt" : [ 2026, 6, 8, 18, 56, 39 ]
    },
    "v3Metadata" : {
      "annotations" : {
        "mta_id" : "poapp",
        "mta_version" : "1.0.0",
        "mta_module" : "{\"name\":\"poapp-db-deployer\"}",
        "mta_module_provided_dependencies" : "[]",
        "mta_bound_services" : "[\"poapp-db\"]"
      },
      "labels" : {
        "mta_id" : "05a6298e3683906cbc7c5db535c17c87"
      }
    },
    "state" : "STOPPED",
    "lifecycle" : {
      "type" : "BUILDPACK",
      "data" : {
        "buildpacks" : [ "nodejs_buildpack" ],
        "stack" : "cflinuxfs4"
      }
    },
    "space" : {
      "name" : "dev",
      "metadata" : {
        "guid" : "582d9646-098e-45fd-9876-46d4d4c5357f",
        "createdAt" : [ 2026, 4, 5, 16, 13, 39 ],
        "updatedAt" : [ 2026, 4, 5, 16, 13, 39 ]
      },
      "organization" : {
        "name" : "4813756dtrial",
        "metadata" : {
          "guid" : "7d4df221-b2af-48c0-b133-a5282b0f8bd8",
          "createdAt" : [ 2026, 4, 5, 16, 13, 37 ],
          "updatedAt" : [ 2026, 4, 5, 16, 13, 39 ]
        }
      }
    },
    "moduleName" : "poapp-db-deployer",
    "boundMtaServices" : [ "poapp-db" ],
    "providedDependencyNames" : [ ],
    "productizationState" : "LIVE"
  }, {
    "name" : "poapp-srv",
    "metadata" : {
      "guid" : "1d21af92-b55b-4693-9a57-684f3d32d5d6",
      "createdAt" : [ 2026, 6, 1, 11, 16, 41 ],
      "updatedAt" : [ 2026, 6, 8, 18, 56, 58 ]
    },
    "v3Metadata" : {
      "annotations" : {
        "mta_id" : "poapp",
        "mta_version" : "1.0.0",
        "mta_module" : "{\"name\":\"poapp-srv\"}",
        "mta_module_provided_dependencies" : "[]",
        "mta_bound_services" : "********"
      },
      "labels" : {
        "mta_id" : "05a6298e3683906cbc7c5db535c17c87"
      }
    },
    "state" : "STARTED",
    "lifecycle" : {
      "type" : "BUILDPACK",
      "data" : {
        "buildpacks" : [ "nodejs_buildpack" ],
        "stack" : "cflinuxfs4"
      }
    },
    "space" : {
      "name" : "dev",
      "metadata" : {
        "guid" : "582d9646-098e-45fd-9876-46d4d4c5357f",
        "createdAt" : [ 2026, 4, 5, 16, 13, 39 ],
        "updatedAt" : [ 2026, 4, 5, 16, 13, 39 ]
      },
      "organization" : {
        "name" : "4813756dtrial",
        "metadata" : {
          "guid" : "7d4df221-b2af-48c0-b133-a5282b0f8bd8",
          "createdAt" : [ 2026, 4, 5, 16, 13, 37 ],
          "updatedAt" : [ 2026, 4, 5, 16, 13, 39 ]
        }
      }
    },
    "moduleName" : "poapp-srv",
    "boundMtaServices" : [ "********", "poapp-db" ],
    "providedDependencyNames" : [ ],
    "productizationState" : "LIVE"
  }, {
    "name" : "poapp-ui",
    "metadata" : {
      "guid" : "09bdb4e9-89a8-44d2-b0f2-2b6ea4138a0c",
      "createdAt" : [ 2026, 6, 8, 17, 55, 56 ],
      "updatedAt" : [ 2026, 6, 8, 18, 57, 9 ]
    },
    "v3Metadata" : {
      "annotations" : {
        "mta_id" : "poapp",
        "mta_version" : "1.0.0",
        "mta_module" : "{\"name\":\"poapp-ui\"}",
        "mta_module_provided_dependencies" : "[]",
        "mta_bound_services" : "********"
      },
      "labels" : {
        "mta_id" : "05a6298e3683906cbc7c5db535c17c87"
      }
    },
    "state" : "STARTED",
    "lifecycle" : {
      "type" : "BUILDPACK",
      "data" : {
        "buildpacks" : [ "nodejs_buildpack" ],
        "stack" : "cflinuxfs4"
      }
    },
    "space" : {
      "name" : "dev",
      "metadata" : {
        "guid" : "582d9646-098e-45fd-9876-46d4d4c5357f",
        "createdAt" : [ 2026, 4, 5, 16, 13, 39 ],
        "updatedAt" : [ 2026, 4, 5, 16, 13, 39 ]
      },
      "organization" : {
        "name" : "4813756dtrial",
        "metadata" : {
          "guid" : "7d4df221-b2af-48c0-b133-a5282b0f8bd8",
          "createdAt" : [ 2026, 4, 5, 16, 13, 37 ],
          "updatedAt" : [ 2026, 4, 5, 16, 13, 39 ]
        }
      }
    },
    "moduleName" : "poapp-ui",
    "boundMtaServices" : [ "********" ],
    "providedDependencyNames" : [ ],
    "productizationState" : "LIVE"
  } ],
  "services" : [ {
    "name" : "poapp-db",
    "metadata" : {
      "guid" : "56a4dc1a-b89d-46dc-9cf7-e1df3004b44c",
      "createdAt" : [ 2026, 5, 10, 1, 57, 49 ],
      "updatedAt" : [ 2026, 6, 1, 11, 16, 23 ]
    },
    "v3Metadata" : {
      "annotations" : {
        "mta_id" : "poapp",
        "mta_version" : "1.0.0",
        "mta_resource" : "{\"name\":\"poapp-db\"}"
      },
      "labels" : {
        "mta_id" : "05a6298e3683906cbc7c5db535c17c87"
      }
    },
    "label" : "hana",
    "plan" : "hdi-shared",
    "credentials" : "********",
    "tags" : [ ],
    "type" : "managed",
    "lastOperation" : {
      "type" : "UPDATE",
      "state" : "SUCCEEDED"
    },
    "resourceName" : "poapp-db"
  }, {
    "name" : "********",
    "metadata" : {
      "guid" : "8c0d513e-aae1-4b32-9888-29d6087ccd7c",
      "createdAt" : [ 2026, 6, 1, 11, 16, 21 ],
      "updatedAt" : [ 2026, 6, 1, 11, 16, 22 ]
    },
    "v3Metadata" : {
      "annotations" : {
        "mta_id" : "poapp",
        "mta_version" : "1.0.0",
        "mta_resource" : "********"
      },
      "labels" : {
        "mta_id" : "05a6298e3683906cbc7c5db535c17c87"
      }
    },
    "label" : "xsuaa",
    "plan" : "application",
    "credentials" : "********",
    "tags" : [ ],
    "type" : "managed",
    "lastOperation" : {
      "type" : "UPDATE",
      "description" : "",
      "state" : "SUCCEEDED"
    },
    "resourceName" : "********"
  } ]
}#
#2026 06 08 19:13:23.134#Z#INFO#1d9878e4-636e-11f1-a12f-eeee0a99901e.OPERATION#flowable-async-job-executor-thread-10095#
[DetectDeployedMtaStep] Detected deployed MTA with ID "poapp" and version "1.0.0"#
#2026 06 08 19:13:23.141#Z#DEBUG#1d9878e4-636e-11f1-a12f-eeee0a99901e.OPERATION#flowable-async-job-executor-thread-10095#
[DetectDeployedMtaStep] Detecting backup mta by id "poapp" and namespace "null"#
#2026 06 08 19:13:23.141#Z#DEBUG#1d9878e4-636e-11f1-a12f-eeee0a99901e.OPERATION#flowable-async-job-executor-thread-10095#
[DetectDeployedMtaStep] Getting applications by metadata label selector "mta_id=05a6298e3683906cbc7c5db535c17c87,mta_namespace=b698114a0995e936895b9598a6c19a2c"...#
#2026 06 08 19:13:23.183#Z#DEBUG#1d9878e4-636e-11f1-a12f-eeee0a99901e.OPERATION#flowable-async-job-executor-thread-10095#
[DetectDeployedMtaStep] Getting service instances by metadata label selector "mta_id=05a6298e3683906cbc7c5db535c17c87,mta_namespace=b698114a0995e936895b9598a6c19a2c"...#
#2026 06 08 19:13:23.257#Z#DEBUG#1d9878e4-636e-11f1-a12f-eeee0a99901e.OPERATION#flowable-async-job-executor-thread-10095#
[DetectDeployedMtaStep] Deployed MTA service keys: [ ]#
#2026 06 08 19:13:23.257#Z#DEBUG#1d9878e4-636e-11f1-a12f-eeee0a99901e.OPERATION#flowable-async-job-executor-thread-10095#
Step "Detect Deployed MTA" finished#
#2026 06 08 19:13:23.304#Z#DEBUG#1d9878e4-636e-11f1-a12f-eeee0a99901e.OPERATION#flowable-async-job-executor-thread-10096#
[XS2CollectSystemParametersStep] Executing task "collectSystemParametersTask" of process "1d98790a-636e-11f1-a12f-eeee0a99901e"...#
#2026 06 08 19:13:23.306#Z#DEBUG#1d9878e4-636e-11f1-a12f-eeee0a99901e.OPERATION#flowable-async-job-executor-thread-10096#
[XS2CollectSystemParametersStep] Collecting system parameters...#
#2026 06 08 19:13:23.307#Z#DEBUG#1d9878e4-636e-11f1-a12f-eeee0a99901e.OPERATION#flowable-async-job-executor-thread-10096#
[XS2CollectSystemParametersStep] Getting default domain...#
#2026 06 08 19:13:23.336#Z#DEBUG#1d9878e4-636e-11f1-a12f-eeee0a99901e.OPERATION#flowable-async-job-executor-thread-10096#
[XS2CollectSystemParametersStep] Default domain: cfapps.us10-001.hana.ondemand.com#
#2026 06 08 19:13:23.336#Z#DEBUG#1d9878e4-636e-11f1-a12f-eeee0a99901e.OPERATION#flowable-async-job-executor-thread-10096#
[XS2CollectSystemParametersStep] Checking for overwriting read-only parameters for mta with id: "poapp"#
#2026 06 08 19:13:23.336#Z#DEBUG#1d9878e4-636e-11f1-a12f-eeee0a99901e.OPERATION#flowable-async-job-executor-thread-10096#
[XS2CollectSystemParametersStep] No read-only parameters are overwritten#
#2026 06 08 19:13:23.350#Z#DEBUG#1d9878e4-636e-11f1-a12f-eeee0a99901e.OPERATION#flowable-async-job-executor-thread-10096#
[XS2CollectSystemParametersStep] Descriptor with system parameters: {
  "majorSchemaVersion" : 3,
  "schemaVersion" : "3.3.0",
  "id" : "poapp",
  "version" : "1.0.0",
  "modules" : [ {
    "majorSchemaVersion" : 3,
    "name" : "poapp-srv",
    "type" : "javascript.nodejs",
    "path" : "poapp-srv",
    "properties" : { },
    "parameters" : {
      "default-url" : "${protocol}://${default-uri}",
      "default-app-name" : "poapp-srv",
      "generated-password" : "********",
      "default-live-url" : "${protocol}://${default-live-uri}",
      "default-uri" : "${host}.${domain}",
      "default-instances" : 1,
      "default-live-host" : "4813756dtrial-dev-poapp-srv",
      "instances" : 1,
      "buildpack" : "nodejs_buildpack",
      "default-host" : "4813756dtrial-dev-poapp-srv",
      "app-name" : "${default-app-name}",
      "default-live-uri" : "4813756dtrial-dev-poapp-srv.${domain}",
      "protocol" : "https",
      "default-live-app-name" : "poapp-srv",
      "default-live-domain" : "cfapps.us10-001.hana.ondemand.com",
      "domain" : "${default-domain}",
      "host" : "${default-host}",
      "generated-user" : "********"
    },
    "requiredDependencies" : [ {
      "majorSchemaVersion" : 3,
      "name" : "********",
      "properties" : { },
      "parameters" : { },
      "propertiesMetadata" : {
        "metadata" : { }
      },
      "parametersMetadata" : {
        "metadata" : { }
      }
    }, {
      "majorSchemaVersion" : 3,
      "name" : "poapp-db",
      "properties" : { },
      "parameters" : { },
      "propertiesMetadata" : {
        "metadata" : { }
      },
      "parametersMetadata" : {
        "metadata" : { }
      }
    } ],
    "providedDependencies" : [ {
      "majorSchemaVersion" : 3,
      "name" : "srv-api",
      "isPublic" : false,
      "properties" : {
        "srv-url" : "${default-url}"
      },
      "parameters" : { },
      "propertiesMetadata" : {
        "metadata" : { }
      },
      "parametersMetadata" : {
        "metadata" : { }
      }
    }, {
      "majorSchemaVersion" : 3,
      "name" : "poapp-srv",
      "isPublic" : false,
      "properties" : { },
      "parameters" : { },
      "propertiesMetadata" : {
        "metadata" : { }
      },
      "parametersMetadata" : {
        "metadata" : { }
      }
    } ],
    "propertiesMetadata" : {
      "metadata" : { }
    },
    "parametersMetadata" : {
      "metadata" : { }
    },
    "hooks" : [ ]
  }, {
    "majorSchemaVersion" : 3,
    "name" : "poapp-ui",
    "type" : "javascript.nodejs",
    "path" : "poapp-ui",
    "properties" : { },
    "parameters" : {
      "default-url" : "${protocol}://${default-uri}",
      "default-app-name" : "poapp-ui",
      "generated-password" : "********",
      "default-live-url" : "${protocol}://${default-live-uri}",
      "default-uri" : "${host}.${domain}",
      "default-instances" : 1,
      "default-live-host" : "4813756dtrial-dev-poapp-ui",
      "instances" : "${default-instances}",
      "buildpack" : "nodejs_buildpack",
      "default-host" : "4813756dtrial-dev-poapp-ui",
      "app-name" : "${default-app-name}",
      "default-live-uri" : "4813756dtrial-dev-poapp-ui.${domain}",
      "protocol" : "https",
      "default-live-app-name" : "poapp-ui",
      "default-live-domain" : "cfapps.us10-001.hana.ondemand.com",
      "domain" : "${default-domain}",
      "host" : "${default-host}",
      "generated-user" : "********"
    },
    "requiredDependencies" : [ {
      "majorSchemaVersion" : 3,
      "name" : "srv-api",
      "group" : "destinations",
      "properties" : {
        "name" : "srv-api",
        "forwardAuthToken" : "********",
        "strictSSL" : true,
        "url" : "~{srv-url}"
      },
      "parameters" : { },
      "propertiesMetadata" : {
        "metadata" : { }
      },
      "parametersMetadata" : {
        "metadata" : { }
      }
    }, {
      "majorSchemaVersion" : 3,
      "name" : "********",
      "properties" : { },
      "parameters" : { },
      "propertiesMetadata" : {
        "metadata" : { }
      },
      "parametersMetadata" : {
        "metadata" : { }
      }
    } ],
    "providedDependencies" : [ {
      "majorSchemaVersion" : 3,
      "name" : "poapp-ui",
      "isPublic" : false,
      "properties" : { },
      "parameters" : { },
      "propertiesMetadata" : {
        "metadata" : { }
      },
      "parametersMetadata" : {
        "metadata" : { }
      }
    } ],
    "propertiesMetadata" : {
      "metadata" : { }
    },
    "parametersMetadata" : {
      "metadata" : { }
    },
    "hooks" : [ ]
  }, {
    "majorSchemaVersion" : 3,
    "name" : "poapp-db-deployer",
    "type" : "com.sap.xs.hdi",
    "path" : "poapp-db-deployer",
    "properties" : {
      "EXIT" : 1
    },
    "parameters" : {
      "default-url" : "${protocol}://${default-uri}",
      "default-app-name" : "poapp-db-deployer",
      "generated-password" : "********",
      "default-live-url" : "${protocol}://${default-live-uri}",
      "default-uri" : "${host}.${domain}",
      "memory" : "256M",
      "default-instances" : 1,
      "no-route" : true,
      "default-live-host" : "4813756dtrial-dev-poapp-db-deployer",
      "instances" : "${default-instances}",
      "buildpack" : "nodejs_buildpack",
      "default-host" : "4813756dtrial-dev-poapp-db-deployer",
      "app-name" : "${default-app-name}",
      "default-live-uri" : "4813756dtrial-dev-poapp-db-deployer.${domain}",
      "protocol" : "https",
      "default-live-app-name" : "poapp-db-deployer",
      "default-live-domain" : "cfapps.us10-001.hana.ondemand.com",
      "dependency-type" : "hard",
      "domain" : "${default-domain}",
      "host" : "${default-host}",
      "generated-user" : "********",
      "tasks" : [ {
        "name" : "deploy",
        "memory" : "256M",
        "command" : "npm start"
      } ],
      "no-start" : true
    },
    "requiredDependencies" : [ {
      "majorSchemaVersion" : 3,
      "name" : "poapp-db",
      "properties" : { },
      "parameters" : { },
      "propertiesMetadata" : {
        "metadata" : { }
      },
      "parametersMetadata" : {
        "metadata" : { }
      }
    } ],
    "providedDependencies" : [ {
      "majorSchemaVersion" : 3,
      "name" : "poapp-db-deployer",
      "isPublic" : false,
      "properties" : { },
      "parameters" : { },
      "propertiesMetadata" : {
        "metadata" : { }
      },
      "parametersMetadata" : {
        "metadata" : { }
      }
    } ],
    "propertiesMetadata" : {
      "metadata" : { }
    },
    "parametersMetadata" : {
      "metadata" : { }
    },
    "hooks" : [ ]
  } ],
  "resources" : [ {
    "majorSchemaVersion" : 3,
    "name" : "********",
    "type" : "org.cloudfoundry.managed-service",
    "properties" : { },
    "parameters" : {
      "generated-password" : "********",
      "path" : "./xs-security.json",
      "service-name" : "${default-service-name}",
      "service-plan" : "application",
      "service" : "xsuaa",
      "generated-user" : "********",
      "default-xsappname" : "********",
      "type" : "managed-service",
      "config" : {
        "oauth2-configuration" : "********",
        "tenant-mode" : "dedicated",
        "xsappname" : "poapp-${org}-${space}"
      },
      "default-service-name" : "********",
      "default-container-name" : "********"
    },
    "isActive" : true,
    "isOptional" : false,
    "propertiesMetadata" : {
      "metadata" : { }
    },
    "parametersMetadata" : {
      "metadata" : { }
    },
    "requiredDependencies" : [ ],
    "processedAfter" : [ ]
  }, {
    "majorSchemaVersion" : 3,
    "name" : "poapp-db",
    "type" : "com.sap.xs.hdi-container",
    "properties" : { },
    "parameters" : {
      "generated-password" : "********",
      "service-name" : "${default-service-name}",
      "service-plan" : "hdi-shared",
      "service" : "hana",
      "generated-user" : "********",
      "default-xsappname" : "poapp-db",
      "type" : "managed-service",
      "default-service-name" : "poapp-db",
      "default-container-name" : "4813756DTRIAL_DEV_POAPP_DB"
    },
    "isActive" : true,
    "isOptional" : false,
    "propertiesMetadata" : {
      "metadata" : { }
    },
    "parametersMetadata" : {
      "metadata" : { }
    },
    "requiredDependencies" : [ ],
    "processedAfter" : [ ]
  } ],
  "parameters" : {
    "mta-id" : "poapp",
    "authorization-url" : "********",
    "org-guid" : "7d4df221-b2af-48c0-b133-a5282b0f8bd8",
    "org" : "4813756dtrial",
    "deploy-target" : "4813756dtrial dev",
    "enable-parallel-deployments" : true,
    "space" : "dev",
    "xs-api-url" : "https://api.cf.us10-001.hana.ondemand.com",
    "deploy-url" : "deploy-service.cfapps.us10-001.hana.ondemand.com",
    "xs-type" : "CF",
    "default-domain" : "cfapps.us10-001.hana.ondemand.com",
    "mta-version" : "1.0.0",
    "xs-auth-url" : "********",
    "space-guid" : "582d9646-098e-45fd-9876-46d4d4c5357f",
    "user" : "********",
    "controller-url" : "https://api.cf.us10-001.hana.ondemand.com",
    "timestamp" : "20260608191321"
  },
  "parametersMetadata" : {
    "metadata" : { }
  }
}#
#2026 06 08 19:13:23.352#Z#DEBUG#1d9878e4-636e-11f1-a12f-eeee0a99901e.OPERATION#flowable-async-job-executor-thread-10096#
[XS2CollectSystemParametersStep] Version rule: SAME_HIGHER#
#2026 06 08 19:13:23.352#Z#INFO#1d9878e4-636e-11f1-a12f-eeee0a99901e.OPERATION#flowable-async-job-executor-thread-10096#
[XS2CollectSystemParametersStep] Detected new MTA version: "1.0.0"#
#2026 06 08 19:13:23.359#Z#INFO#1d9878e4-636e-11f1-a12f-eeee0a99901e.OPERATION#flowable-async-job-executor-thread-10096#
[XS2CollectSystemParametersStep] Deployed MTA version: "1.0.0"#
#2026 06 08 19:13:23.367#Z#DEBUG#1d9878e4-636e-11f1-a12f-eeee0a99901e.OPERATION#flowable-async-job-executor-thread-10096#
[XS2CollectSystemParametersStep] MTA accepted for deployment#
#2026 06 08 19:13:23.367#Z#DEBUG#1d9878e4-636e-11f1-a12f-eeee0a99901e.OPERATION#flowable-async-job-executor-thread-10096#
[XS2CollectSystemParametersStep] System parameters collected#
#2026 06 08 19:13:23.368#Z#DEBUG#1d9878e4-636e-11f1-a12f-eeee0a99901e.OPERATION#flowable-async-job-executor-thread-10096#
Step "Collect System Parameters" finished#
#2026 06 08 19:13:23.414#Z#DEBUG#1d9878e4-636e-11f1-a12f-eeee0a99901e.OPERATION#flowable-async-job-executor-thread-10096#
[ProcessDescriptorStep] Executing task "processDescriptorTask" of process "1d98790a-636e-11f1-a12f-eeee0a99901e"...#
#2026 06 08 19:13:23.416#Z#DEBUG#1d9878e4-636e-11f1-a12f-eeee0a99901e.OPERATION#flowable-async-job-executor-thread-10096#
[ProcessDescriptorStep] Resolving properties and parameters in merged descriptor...#
#2026 06 08 19:13:23.420#Z#DEBUG#1d9878e4-636e-11f1-a12f-eeee0a99901e.OPERATION#flowable-async-job-executor-thread-10096#
[ProcessDescriptorStep] Subscriptions: [ ]#
#2026 06 08 19:13:23.420#Z#DEBUG#1d9878e4-636e-11f1-a12f-eeee0a99901e.OPERATION#flowable-async-job-executor-thread-10096#
[ProcessDescriptorStep] MTA modules: [poapp-srv, poapp-ui, poapp-db-deployer]#
#2026 06 08 19:13:23.421#Z#DEBUG#1d9878e4-636e-11f1-a12f-eeee0a99901e.OPERATION#flowable-async-job-executor-thread-10096#
[ProcessDescriptorStep] Resolved deployment descriptor: {
  "majorSchemaVersion" : 3,
  "schemaVersion" : "3.3.0",
  "id" : "poapp",
  "version" : "1.0.0",
  "modules" : [ {
    "majorSchemaVersion" : 3,
    "name" : "poapp-srv",
    "type" : "javascript.nodejs",
    "path" : "poapp-srv",
    "properties" : { },
    "parameters" : {
      "default-url" : "https://4813756dtrial-dev-poapp-srv.cfapps.us10-001.hana.ondemand.com",
      "default-app-name" : "poapp-srv",
      "generated-password" : "********",
      "default-live-url" : "https://4813756dtrial-dev-poapp-srv.cfapps.us10-001.hana.ondemand.com",
      "default-uri" : "4813756dtrial-dev-poapp-srv.cfapps.us10-001.hana.ondemand.com",
      "default-instances" : 1,
      "default-live-host" : "4813756dtrial-dev-poapp-srv",
      "instances" : 1,
      "buildpack" : "nodejs_buildpack",
      "default-host" : "4813756dtrial-dev-poapp-srv",
      "app-name" : "poapp-srv",
      "default-live-uri" : "4813756dtrial-dev-poapp-srv.cfapps.us10-001.hana.ondemand.com",
      "protocol" : "https",
      "default-live-app-name" : "poapp-srv",
      "default-live-domain" : "cfapps.us10-001.hana.ondemand.com",
      "domain" : "cfapps.us10-001.hana.ondemand.com",
      "host" : "4813756dtrial-dev-poapp-srv",
      "generated-user" : "********"
    },
    "requiredDependencies" : [ {
      "majorSchemaVersion" : 3,
      "name" : "********",
      "properties" : { },
      "parameters" : { },
      "propertiesMetadata" : {
        "metadata" : { }
      },
      "parametersMetadata" : {
        "metadata" : { }
      }
    }, {
      "majorSchemaVersion" : 3,
      "name" : "poapp-db",
      "properties" : { },
      "parameters" : { },
      "propertiesMetadata" : {
        "metadata" : { }
      },
      "parametersMetadata" : {
        "metadata" : { }
      }
    } ],
    "providedDependencies" : [ {
      "majorSchemaVersion" : 3,
      "name" : "srv-api",
      "isPublic" : false,
      "properties" : {
        "srv-url" : "https://4813756dtrial-dev-poapp-srv.cfapps.us10-001.hana.ondemand.com"
      },
      "parameters" : { },
      "propertiesMetadata" : {
        "metadata" : { }
      },
      "parametersMetadata" : {
        "metadata" : { }
      }
    }, {
      "majorSchemaVersion" : 3,
      "name" : "poapp-srv",
      "isPublic" : false,
      "properties" : { },
      "parameters" : { },
      "propertiesMetadata" : {
        "metadata" : { }
      },
      "parametersMetadata" : {
        "metadata" : { }
      }
    } ],
    "propertiesMetadata" : {
      "metadata" : { }
    },
    "parametersMetadata" : {
      "metadata" : { }
    },
    "hooks" : [ ]
  }, {
    "majorSchemaVersion" : 3,
    "name" : "poapp-ui",
    "type" : "javascript.nodejs",
    "path" : "poapp-ui",
    "properties" : { },
    "parameters" : {
      "default-url" : "https://4813756dtrial-dev-poapp-ui.cfapps.us10-001.hana.ondemand.com",
      "default-app-name" : "poapp-ui",
      "generated-password" : "********",
      "default-live-url" : "https://4813756dtrial-dev-poapp-ui.cfapps.us10-001.hana.ondemand.com",
      "default-uri" : "4813756dtrial-dev-poapp-ui.cfapps.us10-001.hana.ondemand.com",
      "default-instances" : 1,
      "default-live-host" : "4813756dtrial-dev-poapp-ui",
      "instances" : 1,
      "buildpack" : "nodejs_buildpack",
      "default-host" : "4813756dtrial-dev-poapp-ui",
      "app-name" : "poapp-ui",
      "default-live-uri" : "4813756dtrial-dev-poapp-ui.cfapps.us10-001.hana.ondemand.com",
      "protocol" : "https",
      "default-live-app-name" : "poapp-ui",
      "default-live-domain" : "cfapps.us10-001.hana.ondemand.com",
      "domain" : "cfapps.us10-001.hana.ondemand.com",
      "host" : "4813756dtrial-dev-poapp-ui",
      "generated-user" : "********"
    },
    "requiredDependencies" : [ {
      "majorSchemaVersion" : 3,
      "name" : "srv-api",
      "group" : "destinations",
      "properties" : {
        "name" : "srv-api",
        "forwardAuthToken" : "********",
        "strictSSL" : true,
        "url" : "https://4813756dtrial-dev-poapp-srv.cfapps.us10-001.hana.ondemand.com"
      },
      "parameters" : { },
      "propertiesMetadata" : {
        "metadata" : { }
      },
      "parametersMetadata" : {
        "metadata" : { }
      }
    }, {
      "majorSchemaVersion" : 3,
      "name" : "********",
      "properties" : { },
      "parameters" : { },
      "propertiesMetadata" : {
        "metadata" : { }
      },
      "parametersMetadata" : {
        "metadata" : { }
      }
    } ],
    "providedDependencies" : [ {
      "majorSchemaVersion" : 3,
      "name" : "poapp-ui",
      "isPublic" : false,
      "properties" : { },
      "parameters" : { },
      "propertiesMetadata" : {
        "metadata" : { }
      },
      "parametersMetadata" : {
        "metadata" : { }
      }
    } ],
    "propertiesMetadata" : {
      "metadata" : { }
    },
    "parametersMetadata" : {
      "metadata" : { }
    },
    "hooks" : [ ]
  }, {
    "majorSchemaVersion" : 3,
    "name" : "poapp-db-deployer",
    "type" : "com.sap.xs.hdi",
    "path" : "poapp-db-deployer",
    "properties" : {
      "EXIT" : 1
    },
    "parameters" : {
      "default-url" : "https://4813756dtrial-dev-poapp-db-deployer.cfapps.us10-001.hana.ondemand.com",
      "default-app-name" : "poapp-db-deployer",
      "generated-password" : "********",
      "default-live-url" : "https://4813756dtrial-dev-poapp-db-deployer.cfapps.us10-001.hana.ondemand.com",
      "default-uri" : "4813756dtrial-dev-poapp-db-deployer.cfapps.us10-001.hana.ondemand.com",
      "memory" : "256M",
      "default-instances" : 1,
      "no-route" : true,
      "default-live-host" : "4813756dtrial-dev-poapp-db-deployer",
      "instances" : 1,
      "buildpack" : "nodejs_buildpack",
      "default-host" : "4813756dtrial-dev-poapp-db-deployer",
      "app-name" : "poapp-db-deployer",
      "default-live-uri" : "4813756dtrial-dev-poapp-db-deployer.cfapps.us10-001.hana.ondemand.com",
      "protocol" : "https",
      "default-live-app-name" : "poapp-db-deployer",
      "default-live-domain" : "cfapps.us10-001.hana.ondemand.com",
      "dependency-type" : "hard",
      "domain" : "cfapps.us10-001.hana.ondemand.com",
      "host" : "4813756dtrial-dev-poapp-db-deployer",
      "generated-user" : "********",
      "tasks" : [ {
        "command" : "npm start",
        "memory" : "256M",
        "name" : "deploy"
      } ],
      "no-start" : true
    },
    "requiredDependencies" : [ {
      "majorSchemaVersion" : 3,
      "name" : "poapp-db",
      "properties" : { },
      "parameters" : { },
      "propertiesMetadata" : {
        "metadata" : { }
      },
      "parametersMetadata" : {
        "metadata" : { }
      }
    } ],
    "providedDependencies" : [ {
      "majorSchemaVersion" : 3,
      "name" : "poapp-db-deployer",
      "isPublic" : false,
      "properties" : { },
      "parameters" : { },
      "propertiesMetadata" : {
        "metadata" : { }
      },
      "parametersMetadata" : {
        "metadata" : { }
      }
    } ],
    "propertiesMetadata" : {
      "metadata" : { }
    },
    "parametersMetadata" : {
      "metadata" : { }
    },
    "hooks" : [ ]
  } ],
  "resources" : [ {
    "majorSchemaVersion" : 3,
    "name" : "********",
    "type" : "org.cloudfoundry.managed-service",
    "properties" : { },
    "parameters" : {
      "generated-password" : "********",
      "path" : "./xs-security.json",
      "service-name" : "********",
      "service-plan" : "application",
      "service" : "xsuaa",
      "generated-user" : "********",
      "default-xsappname" : "********",
      "type" : "managed-service",
      "config" : {
        "oauth2-configuration" : "********",
        "tenant-mode" : "dedicated",
        "xsappname" : "poapp-4813756dtrial-dev"
      },
      "default-service-name" : "********",
      "default-container-name" : "********"
    },
    "isActive" : true,
    "isOptional" : false,
    "propertiesMetadata" : {
      "metadata" : { }
    },
    "parametersMetadata" : {
      "metadata" : { }
    },
    "requiredDependencies" : [ ],
    "processedAfter" : [ ]
  }, {
    "majorSchemaVersion" : 3,
    "name" : "poapp-db",
    "type" : "com.sap.xs.hdi-container",
    "properties" : { },
    "parameters" : {
      "generated-password" : "********",
      "service-name" : "poapp-db",
      "service-plan" : "hdi-shared",
      "service" : "hana",
      "generated-user" : "********",
      "default-xsappname" : "poapp-db",
      "type" : "managed-service",
      "default-service-name" : "poapp-db",
      "default-container-name" : "4813756DTRIAL_DEV_POAPP_DB"
    },
    "isActive" : true,
    "isOptional" : false,
    "propertiesMetadata" : {
      "metadata" : { }
    },
    "parametersMetadata" : {
      "metadata" : { }
    },
    "requiredDependencies" : [ ],
    "processedAfter" : [ ]
  } ],
  "parameters" : {
    "mta-id" : "poapp",
    "authorization-url" : "********",
    "org-guid" : "7d4df221-b2af-48c0-b133-a5282b0f8bd8",
    "org" : "4813756dtrial",
    "deploy-target" : "4813756dtrial dev",
    "enable-parallel-deployments" : true,
    "region-primary-domain" : "us10.hana.ondemand.com",
    "space" : "dev",
    "region-domain" : "us10-001.hana.ondemand.com",
    "xs-api-url" : "https://api.cf.us10-001.hana.ondemand.com",
    "deploy-url" : "deploy-service.cfapps.us10-001.hana.ondemand.com",
    "xs-type" : "CF",
    "default-domain" : "cfapps.us10-001.hana.ondemand.com",
    "mta-version" : "1.0.0",
    "xs-auth-url" : "********",
    "space-guid" : "582d9646-098e-45fd-9876-46d4d4c5357f",
    "user" : "********",
    "controller-url" : "https://api.cf.us10-001.hana.ondemand.com",
    "timestamp" : "20260608191321"
  },
  "parametersMetadata" : {
    "metadata" : { }
  }
}#
#2026 06 08 19:13:23.421#Z#DEBUG#1d9878e4-636e-11f1-a12f-eeee0a99901e.OPERATION#flowable-async-job-executor-thread-10096#
[ProcessDescriptorStep] Merged descriptor properties and parameters resolved#
#2026 06 08 19:13:23.421#Z#DEBUG#1d9878e4-636e-11f1-a12f-eeee0a99901e.OPERATION#flowable-async-job-executor-thread-10096#
Step "Process Descriptor Step" finished#
#2026 06 08 19:13:23.467#Z#DEBUG#1d9878e4-636e-11f1-a12f-eeee0a99901e.OPERATION#flowable-async-job-executor-thread-10090#
[XS2BuildCloudDeployModelStep] Executing task "buildDeployModelTask" of process "1d98790a-636e-11f1-a12f-eeee0a99901e"...#
#2026 06 08 19:13:23.472#Z#DEBUG#1d9878e4-636e-11f1-a12f-eeee0a99901e.OPERATION#flowable-async-job-executor-thread-10090#
[XS2BuildCloudDeployModelStep] Service keys defined for content deployment grouped by service name: { }#
#2026 06 08 19:13:23.472#Z#DEBUG#1d9878e4-636e-11f1-a12f-eeee0a99901e.OPERATION#flowable-async-job-executor-thread-10090#
[XS2BuildCloudDeployModelStep] Building cloud deployment model...#
#2026 06 08 19:13:23.474#Z#DEBUG#1d9878e4-636e-11f1-a12f-eeee0a99901e.OPERATION#flowable-async-job-executor-thread-10090#
[XS2BuildCloudDeployModelStep] MTA archive modules: [poapp-srv, poapp-ui, poapp-db-deployer]#
#2026 06 08 19:13:23.474#Z#DEBUG#1d9878e4-636e-11f1-a12f-eeee0a99901e.OPERATION#flowable-async-job-executor-thread-10090#
[XS2BuildCloudDeployModelStep] Deployed modules: [poapp-db-deployer, poapp-srv, poapp-ui]#
#2026 06 08 19:13:23.476#Z#DEBUG#1d9878e4-636e-11f1-a12f-eeee0a99901e.OPERATION#flowable-async-job-executor-thread-10090#
[XS2BuildCloudDeployModelStep] MTA modules: [poapp-srv, poapp-ui, poapp-db-deployer]#
#2026 06 08 19:13:23.476#Z#DEBUG#1d9878e4-636e-11f1-a12f-eeee0a99901e.OPERATION#flowable-async-job-executor-thread-10090#
[XS2BuildCloudDeployModelStep] Service keys to create: {
  "poapp-db" : [ ],
  "poapp-auth" : "********"
}#
#2026 06 08 19:13:23.476#Z#DEBUG#1d9878e4-636e-11f1-a12f-eeee0a99901e.OPERATION#flowable-async-job-executor-thread-10090#
[XS2BuildCloudDeployModelStep] Modules to deploy: [{
  "majorSchemaVersion" : 3,
  "name" : "poapp-srv",
  "type" : "javascript.nodejs",
  "path" : "poapp-srv",
  "properties" : { },
  "parameters" : {
    "default-url" : "https://4813756dtrial-dev-poapp-srv.cfapps.us10-001.hana.ondemand.com",
    "default-app-name" : "poapp-srv",
    "generated-password" : "********",
    "default-live-url" : "https://4813756dtrial-dev-poapp-srv.cfapps.us10-001.hana.ondemand.com",
    "default-uri" : "4813756dtrial-dev-poapp-srv.cfapps.us10-001.hana.ondemand.com",
    "default-instances" : 1,
    "default-live-host" : "4813756dtrial-dev-poapp-srv",
    "instances" : 1,
    "buildpack" : "nodejs_buildpack",
    "default-host" : "4813756dtrial-dev-poapp-srv",
    "app-name" : "poapp-srv",
    "default-live-uri" : "4813756dtrial-dev-poapp-srv.cfapps.us10-001.hana.ondemand.com",
    "protocol" : "https",
    "default-live-app-name" : "poapp-srv",
    "default-live-domain" : "cfapps.us10-001.hana.ondemand.com",
    "dependency-type" : "soft",
    "domain" : "cfapps.us10-001.hana.ondemand.com",
    "host" : "4813756dtrial-dev-poapp-srv",
    "generated-user" : "********"
  },
  "requiredDependencies" : [ {
    "majorSchemaVersion" : 3,
    "name" : "********",
    "properties" : { },
    "parameters" : { },
    "propertiesMetadata" : {
      "metadata" : { }
    },
    "parametersMetadata" : {
      "metadata" : { }
    }
  }, {
    "majorSchemaVersion" : 3,
    "name" : "poapp-db",
    "properties" : { },
    "parameters" : { },
    "propertiesMetadata" : {
      "metadata" : { }
    },
    "parametersMetadata" : {
      "metadata" : { }
    }
  } ],
  "providedDependencies" : [ {
    "majorSchemaVersion" : 3,
    "name" : "srv-api",
    "isPublic" : false,
    "properties" : {
      "srv-url" : "https://4813756dtrial-dev-poapp-srv.cfapps.us10-001.hana.ondemand.com"
    },
    "parameters" : { },
    "propertiesMetadata" : {
      "metadata" : { }
    },
    "parametersMetadata" : {
      "metadata" : { }
    }
  }, {
    "majorSchemaVersion" : 3,
    "name" : "poapp-srv",
    "isPublic" : false,
    "properties" : { },
    "parameters" : { },
    "propertiesMetadata" : {
      "metadata" : { }
    },
    "parametersMetadata" : {
      "metadata" : { }
    }
  } ],
  "propertiesMetadata" : {
    "metadata" : { }
  },
  "parametersMetadata" : {
    "metadata" : { }
  },
  "deployedAfter" : [ ],
  "hooks" : [ ]
}, {
  "majorSchemaVersion" : 3,
  "name" : "poapp-ui",
  "type" : "javascript.nodejs",
  "path" : "poapp-ui",
  "properties" : { },
  "parameters" : {
    "default-url" : "https://4813756dtrial-dev-poapp-ui.cfapps.us10-001.hana.ondemand.com",
    "default-app-name" : "poapp-ui",
    "generated-password" : "********",
    "default-live-url" : "https://4813756dtrial-dev-poapp-ui.cfapps.us10-001.hana.ondemand.com",
    "default-uri" : "4813756dtrial-dev-poapp-ui.cfapps.us10-001.hana.ondemand.com",
    "default-instances" : 1,
    "default-live-host" : "4813756dtrial-dev-poapp-ui",
    "instances" : 1,
    "buildpack" : "nodejs_buildpack",
    "default-host" : "4813756dtrial-dev-poapp-ui",
    "app-name" : "poapp-ui",
    "default-live-uri" : "4813756dtrial-dev-poapp-ui.cfapps.us10-001.hana.ondemand.com",
    "protocol" : "https",
    "default-live-app-name" : "poapp-ui",
    "default-live-domain" : "cfapps.us10-001.hana.ondemand.com",
    "dependency-type" : "soft",
    "domain" : "cfapps.us10-001.hana.ondemand.com",
    "host" : "4813756dtrial-dev-poapp-ui",
    "generated-user" : "********"
  },
  "requiredDependencies" : [ {
    "majorSchemaVersion" : 3,
    "name" : "srv-api",
    "group" : "destinations",
    "properties" : {
      "name" : "srv-api",
      "forwardAuthToken" : "********",
      "strictSSL" : true,
      "url" : "https://4813756dtrial-dev-poapp-srv.cfapps.us10-001.hana.ondemand.com"
    },
    "parameters" : { },
    "propertiesMetadata" : {
      "metadata" : { }
    },
    "parametersMetadata" : {
      "metadata" : { }
    }
  }, {
    "majorSchemaVersion" : 3,
    "name" : "********",
    "properties" : { },
    "parameters" : { },
    "propertiesMetadata" : {
      "metadata" : { }
    },
    "parametersMetadata" : {
      "metadata" : { }
    }
  } ],
  "providedDependencies" : [ {
    "majorSchemaVersion" : 3,
    "name" : "poapp-ui",
    "isPublic" : false,
    "properties" : { },
    "parameters" : { },
    "propertiesMetadata" : {
      "metadata" : { }
    },
    "parametersMetadata" : {
      "metadata" : { }
    }
  } ],
  "propertiesMetadata" : {
    "metadata" : { }
  },
  "parametersMetadata" : {
    "metadata" : { }
  },
  "deployedAfter" : [ ],
  "hooks" : [ ]
}, {
  "majorSchemaVersion" : 3,
  "name" : "poapp-db-deployer",
  "type" : "com.sap.xs.hdi",
  "path" : "poapp-db-deployer",
  "properties" : {
    "EXIT" : 1
  },
  "parameters" : {
    "default-url" : "https://4813756dtrial-dev-poapp-db-deployer.cfapps.us10-001.hana.ondemand.com",
    "default-app-name" : "poapp-db-deployer",
    "generated-password" : "********",
    "default-live-url" : "https://4813756dtrial-dev-poapp-db-deployer.cfapps.us10-001.hana.ondemand.com",
    "default-uri" : "4813756dtrial-dev-poapp-db-deployer.cfapps.us10-001.hana.ondemand.com",
    "memory" : "256M",
    "default-instances" : 1,
    "no-route" : true,
    "default-live-host" : "4813756dtrial-dev-poapp-db-deployer",
    "instances" : 1,
    "buildpack" : "nodejs_buildpack",
    "default-host" : "4813756dtrial-dev-poapp-db-deployer",
    "app-name" : "poapp-db-deployer",
    "default-live-uri" : "4813756dtrial-dev-poapp-db-deployer.cfapps.us10-001.hana.ondemand.com",
    "protocol" : "https",
    "default-live-app-name" : "poapp-db-deployer",
    "default-live-domain" : "cfapps.us10-001.hana.ondemand.com",
    "dependency-type" : "hard",
    "domain" : "cfapps.us10-001.hana.ondemand.com",
    "host" : "4813756dtrial-dev-poapp-db-deployer",
    "generated-user" : "********",
    "tasks" : [ {
      "command" : "npm start",
      "memory" : "256M",
      "name" : "deploy"
    } ],
    "no-start" : true
  },
  "requiredDependencies" : [ {
    "majorSchemaVersion" : 3,
    "name" : "poapp-db",
    "properties" : { },
    "parameters" : { },
    "propertiesMetadata" : {
      "metadata" : { }
    },
    "parametersMetadata" : {
      "metadata" : { }
    }
  } ],
  "providedDependencies" : [ {
    "majorSchemaVersion" : 3,
    "name" : "poapp-db-deployer",
    "isPublic" : false,
    "properties" : { },
    "parameters" : { },
    "propertiesMetadata" : {
      "metadata" : { }
    },
    "parametersMetadata" : {
      "metadata" : { }
    }
  } ],
  "propertiesMetadata" : {
    "metadata" : { }
  },
  "parametersMetadata" : {
    "metadata" : { }
  },
  "deployedAfter" : [ ],
  "hooks" : [ ]
}]#
#2026 06 08 19:13:23.477#Z#DEBUG#1d9878e4-636e-11f1-a12f-eeee0a99901e.OPERATION#flowable-async-job-executor-thread-10090#
[XS2BuildCloudDeployModelStep] Custom domains: []#
#2026 06 08 19:13:23.479#Z#DEBUG#1d9878e4-636e-11f1-a12f-eeee0a99901e.OPERATION#flowable-async-job-executor-thread-10090#
[XS2BuildCloudDeployModelStep] Calculating resource batches...#
#2026 06 08 19:13:23.479#Z#DEBUG#1d9878e4-636e-11f1-a12f-eeee0a99901e.OPERATION#flowable-async-job-executor-thread-10090#
[XS2BuildCloudDeployModelStep] Calculating resource batches completed.#
#2026 06 08 19:13:23.479#Z#DEBUG#1d9878e4-636e-11f1-a12f-eeee0a99901e.OPERATION#flowable-async-job-executor-thread-10090#
[XS2BuildCloudDeployModelStep] Cloud deployment model built#
#2026 06 08 19:13:23.479#Z#DEBUG#1d9878e4-636e-11f1-a12f-eeee0a99901e.OPERATION#flowable-async-job-executor-thread-10090#
Step "Build Deploy Model" finished#
#2026 06 08 19:13:23.534#Z#DEBUG#1d9878e4-636e-11f1-a12f-eeee0a99901e.OPERATION#flowable-async-job-executor-thread-10091#
[BuildCloudUndeployModelStep] Executing task "buildUndeployModelTask" of process "1d98790a-636e-11f1-a12f-eeee0a99901e"...#
#2026 06 08 19:13:23.535#Z#DEBUG#1d9878e4-636e-11f1-a12f-eeee0a99901e.OPERATION#flowable-async-job-executor-thread-10091#
[BuildCloudUndeployModelStep] Building cloud undeployment model...#
#2026 06 08 19:13:23.538#Z#DEBUG#1d9878e4-636e-11f1-a12f-eeee0a99901e.OPERATION#flowable-async-job-executor-thread-10091#
[BuildCloudUndeployModelStep] Detecting service keys to delete.#
#2026 06 08 19:13:23.540#Z#DEBUG#1d9878e4-636e-11f1-a12f-eeee0a99901e.OPERATION#flowable-async-job-executor-thread-10091#
[BuildCloudUndeployModelStep] No deployed service keys detected!#
#2026 06 08 19:13:23.540#Z#DEBUG#1d9878e4-636e-11f1-a12f-eeee0a99901e.OPERATION#flowable-async-job-executor-thread-10091#
[BuildCloudUndeployModelStep] Detected service keys to delete "[]"#
#2026 06 08 19:13:23.546#Z#DEBUG#1d9878e4-636e-11f1-a12f-eeee0a99901e.OPERATION#flowable-async-job-executor-thread-10091#
[BuildCloudUndeployModelStep] MTA modules: [poapp-srv, poapp-ui, poapp-db-deployer]#
#2026 06 08 19:13:23.546#Z#DEBUG#1d9878e4-636e-11f1-a12f-eeee0a99901e.OPERATION#flowable-async-job-executor-thread-10091#
[BuildCloudUndeployModelStep] Modules to undeploy: [ ]#
#2026 06 08 19:13:23.546#Z#DEBUG#1d9878e4-636e-11f1-a12f-eeee0a99901e.OPERATION#flowable-async-job-executor-thread-10091#
[BuildCloudUndeployModelStep] Modules that won't be changed: [ ]#
#2026 06 08 19:13:23.548#Z#DEBUG#1d9878e4-636e-11f1-a12f-eeee0a99901e.OPERATION#flowable-async-job-executor-thread-10091#
[BuildCloudUndeployModelStep] Subscriptions to delete: [ ]#
#2026 06 08 19:13:23.549#Z#DEBUG#1d9878e4-636e-11f1-a12f-eeee0a99901e.OPERATION#flowable-async-job-executor-thread-10091#
[BuildCloudUndeployModelStep] Cloud services to delete: []#
#2026 06 08 19:13:23.549#Z#DEBUG#1d9878e4-636e-11f1-a12f-eeee0a99901e.OPERATION#flowable-async-job-executor-thread-10091#
[BuildCloudUndeployModelStep] Cloud applications to undeploy: [ ]#
#2026 06 08 19:13:23.553#Z#DEBUG#1d9878e4-636e-11f1-a12f-eeee0a99901e.OPERATION#flowable-async-job-executor-thread-10091#
[BuildCloudUndeployModelStep] Cloud undeployment model built#
#2026 06 08 19:13:23.553#Z#DEBUG#1d9878e4-636e-11f1-a12f-eeee0a99901e.OPERATION#flowable-async-job-executor-thread-10091#
Step "Build Undeploy Model" finished#
#2026 06 08 19:13:23.604#Z#DEBUG#1d9878e4-636e-11f1-a12f-eeee0a99901e.OPERATION#flowable-async-job-executor-thread-10091#
[AddDomainsStep] Executing task "addDomainsTask" of process "1d98790a-636e-11f1-a12f-eeee0a99901e"...#
#2026 06 08 19:13:23.607#Z#DEBUG#1d9878e4-636e-11f1-a12f-eeee0a99901e.OPERATION#flowable-async-job-executor-thread-10091#
[AddDomainsStep] Custom domains: []#
#2026 06 08 19:13:23.607#Z#DEBUG#1d9878e4-636e-11f1-a12f-eeee0a99901e.OPERATION#flowable-async-job-executor-thread-10091#
Step "Add Domains" finished#
#2026 06 08 19:13:23.771#Z#DEBUG#1d9878e4-636e-11f1-a12f-eeee0a99901e.OPERATION#flowable-async-job-executor-thread-10094#
[ExtractBatchedServicesWithResolvedDynamicParametersStep] Executing task "prepareModulesDeploymentTask" of process "1ea55536-636e-11f1-a12f-eeee0a99901e"...#
#2026 06 08 19:13:23.772#Z#DEBUG#1d9878e4-636e-11f1-a12f-eeee0a99901e.OPERATION#flowable-async-job-executor-thread-10094#
[ExtractBatchedServicesWithResolvedDynamicParametersStep] Extracting services and resolving dynamic parameters from batch#
#2026 06 08 19:13:23.774#Z#DEBUG#1d9878e4-636e-11f1-a12f-eeee0a99901e.OPERATION#flowable-async-job-executor-thread-10094#
[ExtractBatchedServicesWithResolvedDynamicParametersStep] Services to create: [ {
  "isOptional" : false,
  "isManaged" : true,
  "name" : "********",
  "v3Metadata" : {
    "annotations" : {
      "mta_id" : "poapp",
      "mta_version" : "1.0.0",
      "mta_resource" : "********"
    },
    "labels" : {
      "mta_id" : "05a6298e3683906cbc7c5db535c17c87"
    }
  },
  "label" : "xsuaa",
  "plan" : "application",
  "credentials" : "********",
  "tags" : [ ],
  "type" : "managed",
  "resourceName" : "********",
  "shouldSkipParametersUpdate" : false,
  "shouldSkipPlanUpdate" : false,
  "shouldSkipTagsUpdate" : false,
  "shouldSkipSyslogUrlUpdate" : false
}, {
  "isOptional" : false,
  "isManaged" : true,
  "name" : "poapp-db",
  "v3Metadata" : {
    "annotations" : {
      "mta_id" : "poapp",
      "mta_version" : "1.0.0",
      "mta_resource" : "{\"name\":\"poapp-db\"}"
    },
    "labels" : {
      "mta_id" : "05a6298e3683906cbc7c5db535c17c87"
    }
  },
  "label" : "hana",
  "plan" : "hdi-shared",
  "credentials" : "********",
  "tags" : [ ],
  "type" : "managed",
  "resourceName" : "poapp-db",
  "shouldSkipParametersUpdate" : false,
  "shouldSkipPlanUpdate" : false,
  "shouldSkipTagsUpdate" : false,
  "shouldSkipSyslogUrlUpdate" : false
} ]#
#2026 06 08 19:13:23.775#Z#DEBUG#1d9878e4-636e-11f1-a12f-eeee0a99901e.OPERATION#flowable-async-job-executor-thread-10094#
Step "Extract Services with Resolved Dynamic parameters from batch" finished#
#2026 06 08 19:13:23.900#Z#DEBUG#1d9878e4-636e-11f1-a12f-eeee0a99901e.OPERATION#flowable-async-job-executor-thread-10096#
[CheckServiceOperationStateStep] Executing task "CheckServiceOperationStateTask" of process "1ebcae04-636e-11f1-a12f-eeee0a99901e"...#
#2026 06 08 19:13:23.901#Z#DEBUG#1d9878e4-636e-11f1-a12f-eeee0a99901e.OPERATION#flowable-async-job-executor-thread-10096#
[CheckServiceOperationStateStep] Getting service instance "poapp-db"...#
#2026 06 08 19:13:24.035#Z#DEBUG#1d9878e4-636e-11f1-a12f-eeee0a99901e.OPERATION#flowable-async-job-executor-thread-10096#
Step "Check for service operations in Progress" finished#
#2026 06 08 19:13:24.088#Z#DEBUG#1d9878e4-636e-11f1-a12f-eeee0a99901e.OPERATION#flowable-async-job-executor-thread-10090#
[DetermineServiceCreateUpdateServiceActionsStep] Executing task "DetermineServiceCreateUpdateActionsTask" of process "1ebcae04-636e-11f1-a12f-eeee0a99901e"...#
#2026 06 08 19:13:24.092#Z#INFO#1d9878e4-636e-11f1-a12f-eeee0a99901e.OPERATION#flowable-async-job-executor-thread-10090#
[DetermineServiceCreateUpdateServiceActionsStep] Processing service "poapp-db"...#
#2026 06 08 19:13:24.101#Z#DEBUG#1d9878e4-636e-11f1-a12f-eeee0a99901e.OPERATION#flowable-async-job-executor-thread-10090#
[DetermineServiceCreateUpdateServiceActionsStep] Getting service instance "poapp-db"...#
#2026 06 08 19:13:24.236#Z#DEBUG#1d9878e4-636e-11f1-a12f-eeee0a99901e.OPERATION#flowable-async-job-executor-thread-10090#
[DetermineServiceCreateUpdateServiceActionsStep] Existing service: {
  "name" : "poapp-db",
  "metadata" : {
    "guid" : "56a4dc1a-b89d-46dc-9cf7-e1df3004b44c",
    "createdAt" : [ 2026, 5, 10, 1, 57, 49 ],
    "updatedAt" : [ 2026, 6, 1, 11, 16, 23 ]
  },
  "v3Metadata" : {
    "annotations" : {
      "mta_id" : "poapp",
      "mta_version" : "1.0.0",
      "mta_resource" : "{\"name\":\"poapp-db\"}"
    },
    "labels" : {
      "mta_id" : "05a6298e3683906cbc7c5db535c17c87"
    }
  },
  "label" : "hana",
  "plan" : "hdi-shared",
  "credentials" : "********",
  "tags" : [ ],
  "type" : "managed",
  "lastOperation" : {
    "type" : "UPDATE",
    "state" : "SUCCEEDED"
  }
}#
#2026 06 08 19:13:24.236#Z#WARN#1d9878e4-636e-11f1-a12f-eeee0a99901e.OPERATION#flowable-async-job-executor-thread-10090#
[DetermineServiceCreateUpdateServiceActionsStep] Service parameters for service "poapp-db" will not be updated, as the parameters are not defined or empty.#
#2026 06 08 19:13:24.236#Z#DEBUG#1d9878e4-636e-11f1-a12f-eeee0a99901e.OPERATION#flowable-async-job-executor-thread-10090#
Step "Determine update actions" finished#
#2026 06 08 19:13:24.308#Z#DEBUG#1d9878e4-636e-11f1-a12f-eeee0a99901e.OPERATION#flowable-async-job-executor-thread-10096#
[CheckForServiceBindingOrKeyOperationStep] Executing task "CheckForServiceBindingOrKeyCreation" of process "1ebcae04-636e-11f1-a12f-eeee0a99901e"...#
#2026 06 08 19:13:24.312#Z#DEBUG#1d9878e4-636e-11f1-a12f-eeee0a99901e.OPERATION#flowable-async-job-executor-thread-10096#
Step "Check for service binding or key creation" finished#
#2026 06 08 19:13:25.823#Z#DEBUG#1d9878e4-636e-11f1-a12f-eeee0a99901e.OPERATION#flowable-async-job-executor-thread-13094#
[CheckServiceOperationStateStep] Executing task "CheckServiceOperationStateTask" of process "1fe21b4a-636e-11f1-9c31-eeee0a993047"...#
#2026 06 08 19:13:25.886#Z#DEBUG#1d9878e4-636e-11f1-a12f-eeee0a99901e.OPERATION#flowable-async-job-executor-thread-13094#
[CheckServiceOperationStateStep] Getting service instance "poapp-auth"...#
#2026 06 08 19:13:26.026#Z#DEBUG#1d9878e4-636e-11f1-a12f-eeee0a99901e.OPERATION#flowable-async-job-executor-thread-13094#
Step "Check for service operations in Progress" finished#
#2026 06 08 19:13:26.066#Z#DEBUG#1d9878e4-636e-11f1-a12f-eeee0a99901e.OPERATION#flowable-async-job-executor-thread-13094#
[DetermineServiceCreateUpdateServiceActionsStep] Executing task "DetermineServiceCreateUpdateActionsTask" of process "1fe21b4a-636e-11f1-9c31-eeee0a993047"...#
#2026 06 08 19:13:26.068#Z#INFO#1d9878e4-636e-11f1-a12f-eeee0a99901e.OPERATION#flowable-async-job-executor-thread-13094#
[DetermineServiceCreateUpdateServiceActionsStep] Processing service "poapp-auth"...#
#2026 06 08 19:13:26.073#Z#DEBUG#1d9878e4-636e-11f1-a12f-eeee0a99901e.OPERATION#flowable-async-job-executor-thread-13094#
[DetermineServiceCreateUpdateServiceActionsStep] Getting service instance "poapp-auth"...#
#2026 06 08 19:13:26.210#Z#INFO#1d9878e4-636e-11f1-a12f-eeee0a99901e.OPERATION#flowable-async-job-executor-thread-13094#
[DetermineServiceCreateUpdateServiceActionsStep] Setting service "poapp-auth" parameters from "xs-security.json"#
#2026 06 08 19:13:26.276#Z#DEBUG#1d9878e4-636e-11f1-a12f-eeee0a99901e.OPERATION#flowable-async-job-executor-thread-13094#
[DetermineServiceCreateUpdateServiceActionsStep] Existing service: {
  "name" : "********",
  "metadata" : {
    "guid" : "8c0d513e-aae1-4b32-9888-29d6087ccd7c",
    "createdAt" : [ 2026, 6, 1, 11, 16, 21 ],
    "updatedAt" : [ 2026, 6, 1, 11, 16, 22 ]
  },
  "v3Metadata" : {
    "annotations" : {
      "mta_id" : "poapp",
      "mta_version" : "1.0.0",
      "mta_resource" : "********"
    },
    "labels" : {
      "mta_id" : "05a6298e3683906cbc7c5db535c17c87"
    }
  },
  "label" : "xsuaa",
  "plan" : "application",
  "credentials" : "********",
  "tags" : [ ],
  "type" : "managed",
  "lastOperation" : {
    "type" : "UPDATE",
    "description" : "",
    "state" : "SUCCEEDED"
  }
}#
#2026 06 08 19:13:26.276#Z#DEBUG#1d9878e4-636e-11f1-a12f-eeee0a99901e.OPERATION#flowable-async-job-executor-thread-13094#
[DetermineServiceCreateUpdateServiceActionsStep] Service parameters will be updated#
#2026 06 08 19:13:26.276#Z#DEBUG#1d9878e4-636e-11f1-a12f-eeee0a99901e.OPERATION#flowable-async-job-executor-thread-13094#
[DetermineServiceCreateUpdateServiceActionsStep] New parameters: {
  "attributes" : [ {
    "name" : "myCountry",
    "description" : " View access to the application",
    "valueType" : "string"
  } ],
  "authorities" : "********",
  "oauth2-configuration" : "********",
  "role-collections" : [ {
    "name" : "POAppViewers",
    "description" : "Role collection for PO App viewers",
    "role-template-references" : [ "$XSAPPNAME.view" ]
  }, {
    "name" : "POAppAdmins",
    "description" : "Role collection for PO App admins",
    "role-template-references" : [ "$XSAPPNAME.admin" ]
  } ],
  "role-templates" : [ {
    "name" : "Viewer",
    "description" : "Viewer role with view access",
    "scope-references" : [ "$XSAPPNAME.view" ],
    "attribute-references" : [ {
      "name" : "myCountry"
    } ]
  }, {
    "name" : "Admin",
    "description" : "Admin role with admin access",
    "scope-references" : [ "$XSAPPNAME.admin" ]
  } ],
  "scopes" : [ {
    "name" : "$XSAPPNAME.view",
    "description" : "View access to the application"
  }, {
    "name" : "$XSAPPNAME.admin",
    "description" : "Admin access to the application"
  } ],
  "tenant-mode" : "dedicated",
  "xsappname" : "poapp-4813756dtrial-dev",
  "xsenableasyncservice" : true
}#
#2026 06 08 19:13:26.276#Z#DEBUG#1d9878e4-636e-11f1-a12f-eeee0a99901e.OPERATION#flowable-async-job-executor-thread-13094#
Step "Determine update actions" finished#
#2026 06 08 19:13:26.334#Z#DEBUG#1d9878e4-636e-11f1-a12f-eeee0a99901e.OPERATION#flowable-async-job-executor-thread-13094#
[CheckForServiceBindingOrKeyOperationStep] Executing task "CheckForServiceBindingOrKeyCreation" of process "1fe21b4a-636e-11f1-9c31-eeee0a993047"...#
#2026 06 08 19:13:26.335#Z#DEBUG#1d9878e4-636e-11f1-a12f-eeee0a99901e.OPERATION#flowable-async-job-executor-thread-13094#
Step "Check for service binding or key creation" finished#
#2026 06 08 19:13:26.377#Z#DEBUG#1d9878e4-636e-11f1-a12f-eeee0a99901e.OPERATION#flowable-async-job-executor-thread-13094#
[UpdateServiceParametersStep] Executing task "UpdateServiceParametersTask" of process "1fe21b4a-636e-11f1-9c31-eeee0a993047"...#
#2026 06 08 19:13:26.379#Z#INFO#1d9878e4-636e-11f1-a12f-eeee0a99901e.OPERATION#flowable-async-job-executor-thread-13094#
[UpdateServiceParametersStep] Updating service "poapp-auth"...#
#2026 06 08 19:13:26.384#Z#DEBUG#1d9878e4-636e-11f1-a12f-eeee0a99901e.OPERATION#flowable-async-job-executor-thread-13094#
[UpdateServiceParametersStep] Updating service parameters for service "poapp-auth"...#
#2026 06 08 19:13:26.470#Z#DEBUG#1d9878e4-636e-11f1-a12f-eeee0a99901e.OPERATION#flowable-async-job-executor-thread-13094#
[UpdateServiceParametersStep] Service "poapp-auth" updated#
#2026 06 08 19:13:26.470#Z#DEBUG#1d9878e4-636e-11f1-a12f-eeee0a99901e.OPERATION#flowable-async-job-executor-thread-13094#
[UpdateServiceParametersStep] Triggered service operations: {
  "poapp-auth" : "UPDATE"
}#
#2026 06 08 19:13:26.471#Z#DEBUG#1d9878e4-636e-11f1-a12f-eeee0a99901e.OPERATION#flowable-async-job-executor-thread-13094#
Step "Update parameters" finished#
#2026 06 08 19:13:34.158#Z#DEBUG#1d9878e4-636e-11f1-a12f-eeee0a99901e.OPERATION#flowable-async-job-executor-thread-12523#
[UpdateServiceParametersStep] Executing task "UpdateServiceParametersTask" of process "1fe21b4a-636e-11f1-9c31-eeee0a993047"...#
#2026 06 08 19:13:34.160#Z#DEBUG#1d9878e4-636e-11f1-a12f-eeee0a99901e.OPERATION#flowable-async-job-executor-thread-12523#
[UpdateServiceParametersStep] Polling service operations...#
#2026 06 08 19:13:34.227#Z#DEBUG#1d9878e4-636e-11f1-a12f-eeee0a99901e.OPERATION#flowable-async-job-executor-thread-12523#
[UpdateServiceParametersStep] Getting service instance "poapp-auth"...#
#2026 06 08 19:13:34.388#Z#DEBUG#1d9878e4-636e-11f1-a12f-eeee0a99901e.OPERATION#flowable-async-job-executor-thread-12523#
[UpdateServiceParametersStep] Last operation for service "poapp-auth": {
  "type" : "UPDATE",
  "description" : "",
  "state" : "SUCCEEDED"
}#
#2026 06 08 19:13:34.388#Z#DEBUG#1d9878e4-636e-11f1-a12f-eeee0a99901e.OPERATION#flowable-async-job-executor-thread-12523#
[UpdateServiceParametersStep] Service "poapp-auth" updated#
#2026 06 08 19:13:34.388#Z#INFO#1d9878e4-636e-11f1-a12f-eeee0a99901e.OPERATION#flowable-async-job-executor-thread-12523#
[UpdateServiceParametersStep] 1 of 1 done#
#2026 06 08 19:13:34.396#Z#DEBUG#1d9878e4-636e-11f1-a12f-eeee0a99901e.OPERATION#flowable-async-job-executor-thread-12523#
[UpdateServiceParametersStep] Remaining services to poll: [ ]#
#2026 06 08 19:13:34.397#Z#DEBUG#1d9878e4-636e-11f1-a12f-eeee0a99901e.OPERATION#flowable-async-job-executor-thread-12523#
Step "Update parameters" finished#
#2026 06 08 19:13:34.670#Z#DEBUG#1d9878e4-636e-11f1-a12f-eeee0a99901e.OPERATION#flowable-async-job-executor-thread-12525#
[PrepareModulesDeploymentStep] Executing task "prepareModulesDeploymentTask" of process "252574aa-636e-11f1-9a00-eeee0a8640b0"...#
#2026 06 08 19:13:34.670#Z#DEBUG#1d9878e4-636e-11f1-a12f-eeee0a99901e.OPERATION#flowable-async-job-executor-thread-12525#
[PrepareModulesDeploymentStep] Preparing modules deployment...#
#2026 06 08 19:13:34.675#Z#DEBUG#1d9878e4-636e-11f1-a12f-eeee0a99901e.OPERATION#flowable-async-job-executor-thread-12525#
Step "Prepare Modules Deployment" finished#
#2026 06 08 19:13:34.720#Z#DEBUG#1d9878e4-636e-11f1-a12f-eeee0a99901e.OPERATION#flowable-async-job-executor-thread-12525#
[ComputeNextModulesStep] Executing task "computeNextModulesToDeployInParallel" of process "252574aa-636e-11f1-9a00-eeee0a8640b0"...#
#2026 06 08 19:13:34.721#Z#DEBUG#1d9878e4-636e-11f1-a12f-eeee0a99901e.OPERATION#flowable-async-job-executor-thread-12525#
[ComputeNextModulesStep] Computing modules for next parallel iteration...#
#2026 06 08 19:13:34.723#Z#DEBUG#1d9878e4-636e-11f1-a12f-eeee0a99901e.OPERATION#flowable-async-job-executor-thread-12525#
[ComputeNextModulesStep] Completed modules detected: []#
#2026 06 08 19:13:34.723#Z#DEBUG#1d9878e4-636e-11f1-a12f-eeee0a99901e.OPERATION#flowable-async-job-executor-thread-12525#
[ComputeNextModulesStep] All modules for deploy detected: [poapp-srv, poapp-ui, poapp-db-deployer]#
#2026 06 08 19:13:34.723#Z#DEBUG#1d9878e4-636e-11f1-a12f-eeee0a99901e.OPERATION#flowable-async-job-executor-thread-12525#
[ComputeNextModulesStep] Modules not for deploy detected: []#
#2026 06 08 19:13:34.723#Z#DEBUG#1d9878e4-636e-11f1-a12f-eeee0a99901e.OPERATION#flowable-async-job-executor-thread-12525#
[ComputeNextModulesStep] Computed modules for next parallel iteration: [ {
  "majorSchemaVersion" : 3,
  "name" : "poapp-srv",
  "type" : "javascript.nodejs",
  "path" : "poapp-srv",
  "properties" : { },
  "parameters" : {
    "app-name" : "poapp-srv",
    "buildpack" : "nodejs_buildpack",
    "default-app-name" : "poapp-srv",
    "default-host" : "4813756dtrial-dev-poapp-srv",
    "default-instances" : 1,
    "default-live-app-name" : "poapp-srv",
    "default-live-domain" : "cfapps.us10-001.hana.ondemand.com",
    "default-live-host" : "4813756dtrial-dev-poapp-srv",
    "default-live-uri" : "4813756dtrial-dev-poapp-srv.cfapps.us10-001.hana.ondemand.com",
    "default-live-url" : "https://4813756dtrial-dev-poapp-srv.cfapps.us10-001.hana.ondemand.com",
    "default-uri" : "4813756dtrial-dev-poapp-srv.cfapps.us10-001.hana.ondemand.com",
    "default-url" : "https://4813756dtrial-dev-poapp-srv.cfapps.us10-001.hana.ondemand.com",
    "dependency-type" : "soft",
    "domain" : "cfapps.us10-001.hana.ondemand.com",
    "generated-password" : "********",
    "generated-user" : "********",
    "host" : "4813756dtrial-dev-poapp-srv",
    "instances" : 1,
    "protocol" : "https"
  },
  "requiredDependencies" : [ {
    "majorSchemaVersion" : 3,
    "name" : "********",
    "properties" : { },
    "parameters" : { },
    "propertiesMetadata" : {
      "metadata" : { }
    },
    "parametersMetadata" : {
      "metadata" : { }
    }
  }, {
    "majorSchemaVersion" : 3,
    "name" : "poapp-db",
    "properties" : { },
    "parameters" : { },
    "propertiesMetadata" : {
      "metadata" : { }
    },
    "parametersMetadata" : {
      "metadata" : { }
    }
  } ],
  "providedDependencies" : [ {
    "majorSchemaVersion" : 3,
    "name" : "srv-api",
    "isPublic" : false,
    "properties" : {
      "srv-url" : "https://4813756dtrial-dev-poapp-srv.cfapps.us10-001.hana.ondemand.com"
    },
    "parameters" : { },
    "propertiesMetadata" : {
      "metadata" : { }
    },
    "parametersMetadata" : {
      "metadata" : { }
    }
  }, {
    "majorSchemaVersion" : 3,
    "name" : "poapp-srv",
    "isPublic" : false,
    "properties" : { },
    "parameters" : { },
    "propertiesMetadata" : {
      "metadata" : { }
    },
    "parametersMetadata" : {
      "metadata" : { }
    }
  } ],
  "propertiesMetadata" : {
    "metadata" : { }
  },
  "parametersMetadata" : {
    "metadata" : { }
  },
  "deployedAfter" : [ ],
  "hooks" : [ ]
}, {
  "majorSchemaVersion" : 3,
  "name" : "poapp-ui",
  "type" : "javascript.nodejs",
  "path" : "poapp-ui",
  "properties" : { },
  "parameters" : {
    "app-name" : "poapp-ui",
    "buildpack" : "nodejs_buildpack",
    "default-app-name" : "poapp-ui",
    "default-host" : "4813756dtrial-dev-poapp-ui",
    "default-instances" : 1,
    "default-live-app-name" : "poapp-ui",
    "default-live-domain" : "cfapps.us10-001.hana.ondemand.com",
    "default-live-host" : "4813756dtrial-dev-poapp-ui",
    "default-live-uri" : "4813756dtrial-dev-poapp-ui.cfapps.us10-001.hana.ondemand.com",
    "default-live-url" : "https://4813756dtrial-dev-poapp-ui.cfapps.us10-001.hana.ondemand.com",
    "default-uri" : "4813756dtrial-dev-poapp-ui.cfapps.us10-001.hana.ondemand.com",
    "default-url" : "https://4813756dtrial-dev-poapp-ui.cfapps.us10-001.hana.ondemand.com",
    "dependency-type" : "soft",
    "domain" : "cfapps.us10-001.hana.ondemand.com",
    "generated-password" : "********",
    "generated-user" : "********",
    "host" : "4813756dtrial-dev-poapp-ui",
    "instances" : 1,
    "protocol" : "https"
  },
  "requiredDependencies" : [ {
    "majorSchemaVersion" : 3,
    "name" : "srv-api",
    "group" : "destinations",
    "properties" : {
      "forwardAuthToken" : "********",
      "name" : "srv-api",
      "strictSSL" : true,
      "url" : "https://4813756dtrial-dev-poapp-srv.cfapps.us10-001.hana.ondemand.com"
    },
    "parameters" : { },
    "propertiesMetadata" : {
      "metadata" : { }
    },
    "parametersMetadata" : {
      "metadata" : { }
    }
  }, {
    "majorSchemaVersion" : 3,
    "name" : "********",
    "properties" : { },
    "parameters" : { },
    "propertiesMetadata" : {
      "metadata" : { }
    },
    "parametersMetadata" : {
      "metadata" : { }
    }
  } ],
  "providedDependencies" : [ {
    "majorSchemaVersion" : 3,
    "name" : "poapp-ui",
    "isPublic" : false,
    "properties" : { },
    "parameters" : { },
    "propertiesMetadata" : {
      "metadata" : { }
    },
    "parametersMetadata" : {
      "metadata" : { }
    }
  } ],
  "propertiesMetadata" : {
    "metadata" : { }
  },
  "parametersMetadata" : {
    "metadata" : { }
  },
  "deployedAfter" : [ ],
  "hooks" : [ ]
}, {
  "majorSchemaVersion" : 3,
  "name" : "poapp-db-deployer",
  "type" : "com.sap.xs.hdi",
  "path" : "poapp-db-deployer",
  "properties" : {
    "EXIT" : 1
  },
  "parameters" : {
    "app-name" : "poapp-db-deployer",
    "buildpack" : "nodejs_buildpack",
    "default-app-name" : "poapp-db-deployer",
    "default-host" : "4813756dtrial-dev-poapp-db-deployer",
    "default-instances" : 1,
    "default-live-app-name" : "poapp-db-deployer",
    "default-live-domain" : "cfapps.us10-001.hana.ondemand.com",
    "default-live-host" : "4813756dtrial-dev-poapp-db-deployer",
    "default-live-uri" : "4813756dtrial-dev-poapp-db-deployer.cfapps.us10-001.hana.ondemand.com",
    "default-live-url" : "https://4813756dtrial-dev-poapp-db-deployer.cfapps.us10-001.hana.ondemand.com",
    "default-uri" : "4813756dtrial-dev-poapp-db-deployer.cfapps.us10-001.hana.ondemand.com",
    "default-url" : "https://4813756dtrial-dev-poapp-db-deployer.cfapps.us10-001.hana.ondemand.com",
    "dependency-type" : "hard",
    "domain" : "cfapps.us10-001.hana.ondemand.com",
    "generated-password" : "********",
    "generated-user" : "********",
    "host" : "4813756dtrial-dev-poapp-db-deployer",
    "instances" : 1,
    "memory" : "256M",
    "no-route" : true,
    "no-start" : true,
    "protocol" : "https",
    "tasks" : [ {
      "command" : "npm start",
      "memory" : "256M",
      "name" : "deploy"
    } ]
  },
  "requiredDependencies" : [ {
    "majorSchemaVersion" : 3,
    "name" : "poapp-db",
    "properties" : { },
    "parameters" : { },
    "propertiesMetadata" : {
      "metadata" : { }
    },
    "parametersMetadata" : {
      "metadata" : { }
    }
  } ],
  "providedDependencies" : [ {
    "majorSchemaVersion" : 3,
    "name" : "poapp-db-deployer",
    "isPublic" : false,
    "properties" : { },
    "parameters" : { },
    "propertiesMetadata" : {
      "metadata" : { }
    },
    "parametersMetadata" : {
      "metadata" : { }
    }
  } ],
  "propertiesMetadata" : {
    "metadata" : { }
  },
  "parametersMetadata" : {
    "metadata" : { }
  },
  "deployedAfter" : [ ],
  "hooks" : [ ]
} ]#
#2026 06 08 19:13:34.723#Z#DEBUG#1d9878e4-636e-11f1-a12f-eeee0a99901e.OPERATION#flowable-async-job-executor-thread-12525#
Step "Compute Next Modules To Deploy" finished#
#2026 06 08 19:13:34.891#Z#DEBUG#1d9878e4-636e-11f1-a12f-eeee0a99901e.OPERATION#flowable-async-job-executor-thread-12525#
[ProcessDescriptorStep] Executing task "reprocessDescriptorTask" of process "2545a75a-636e-11f1-9a00-eeee0a8640b0"...#
#2026 06 08 19:13:34.892#Z#DEBUG#1d9878e4-636e-11f1-a12f-eeee0a99901e.OPERATION#flowable-async-job-executor-thread-12525#
[ProcessDescriptorStep] Resolving properties and parameters in merged descriptor...#
#2026 06 08 19:13:34.897#Z#DEBUG#1d9878e4-636e-11f1-a12f-eeee0a99901e.OPERATION#flowable-async-job-executor-thread-12525#
[ProcessDescriptorStep] Subscriptions: [ ]#
#2026 06 08 19:13:34.902#Z#DEBUG#1d9878e4-636e-11f1-a12f-eeee0a99901e.OPERATION#flowable-async-job-executor-thread-12525#
[ProcessDescriptorStep] MTA modules: [poapp-srv, poapp-ui, poapp-db-deployer]#
#2026 06 08 19:13:34.905#Z#DEBUG#1d9878e4-636e-11f1-a12f-eeee0a99901e.OPERATION#flowable-async-job-executor-thread-12525#
[ProcessDescriptorStep] Resolved deployment descriptor: {
  "majorSchemaVersion" : 3,
  "schemaVersion" : "3.3.0",
  "id" : "poapp",
  "version" : "1.0.0",
  "modules" : [ {
    "majorSchemaVersion" : 3,
    "name" : "poapp-srv",
    "type" : "javascript.nodejs",
    "path" : "poapp-srv",
    "properties" : { },
    "parameters" : {
      "default-url" : "https://4813756dtrial-dev-poapp-srv.cfapps.us10-001.hana.ondemand.com",
      "default-app-name" : "poapp-srv",
      "generated-password" : "********",
      "default-live-url" : "https://4813756dtrial-dev-poapp-srv.cfapps.us10-001.hana.ondemand.com",
      "default-uri" : "4813756dtrial-dev-poapp-srv.cfapps.us10-001.hana.ondemand.com",
      "default-instances" : 1,
      "default-live-host" : "4813756dtrial-dev-poapp-srv",
      "instances" : 1,
      "buildpack" : "nodejs_buildpack",
      "default-host" : "4813756dtrial-dev-poapp-srv",
      "app-name" : "poapp-srv",
      "default-live-uri" : "4813756dtrial-dev-poapp-srv.cfapps.us10-001.hana.ondemand.com",
      "protocol" : "https",
      "default-live-app-name" : "poapp-srv",
      "default-live-domain" : "cfapps.us10-001.hana.ondemand.com",
      "domain" : "cfapps.us10-001.hana.ondemand.com",
      "host" : "4813756dtrial-dev-poapp-srv",
      "generated-user" : "********"
    },
    "requiredDependencies" : [ {
      "majorSchemaVersion" : 3,
      "name" : "********",
      "properties" : { },
      "parameters" : { },
      "propertiesMetadata" : {
        "metadata" : { }
      },
      "parametersMetadata" : {
        "metadata" : { }
      }
    }, {
      "majorSchemaVersion" : 3,
      "name" : "poapp-db",
      "properties" : { },
      "parameters" : { },
      "propertiesMetadata" : {
        "metadata" : { }
      },
      "parametersMetadata" : {
        "metadata" : { }
      }
    } ],
    "providedDependencies" : [ {
      "majorSchemaVersion" : 3,
      "name" : "srv-api",
      "isPublic" : false,
      "properties" : {
        "srv-url" : "https://4813756dtrial-dev-poapp-srv.cfapps.us10-001.hana.ondemand.com"
      },
      "parameters" : { },
      "propertiesMetadata" : {
        "metadata" : { }
      },
      "parametersMetadata" : {
        "metadata" : { }
      }
    }, {
      "majorSchemaVersion" : 3,
      "name" : "poapp-srv",
      "isPublic" : false,
      "properties" : { },
      "parameters" : { },
      "propertiesMetadata" : {
        "metadata" : { }
      },
      "parametersMetadata" : {
        "metadata" : { }
      }
    } ],
    "propertiesMetadata" : {
      "metadata" : { }
    },
    "parametersMetadata" : {
      "metadata" : { }
    },
    "hooks" : [ ]
  }, {
    "majorSchemaVersion" : 3,
    "name" : "poapp-ui",
    "type" : "javascript.nodejs",
    "path" : "poapp-ui",
    "properties" : { },
    "parameters" : {
      "default-url" : "https://4813756dtrial-dev-poapp-ui.cfapps.us10-001.hana.ondemand.com",
      "default-app-name" : "poapp-ui",
      "generated-password" : "********",
      "default-live-url" : "https://4813756dtrial-dev-poapp-ui.cfapps.us10-001.hana.ondemand.com",
      "default-uri" : "4813756dtrial-dev-poapp-ui.cfapps.us10-001.hana.ondemand.com",
      "default-instances" : 1,
      "default-live-host" : "4813756dtrial-dev-poapp-ui",
      "instances" : 1,
      "buildpack" : "nodejs_buildpack",
      "default-host" : "4813756dtrial-dev-poapp-ui",
      "app-name" : "poapp-ui",
      "default-live-uri" : "4813756dtrial-dev-poapp-ui.cfapps.us10-001.hana.ondemand.com",
      "protocol" : "https",
      "default-live-app-name" : "poapp-ui",
      "default-live-domain" : "cfapps.us10-001.hana.ondemand.com",
      "domain" : "cfapps.us10-001.hana.ondemand.com",
      "host" : "4813756dtrial-dev-poapp-ui",
      "generated-user" : "********"
    },
    "requiredDependencies" : [ {
      "majorSchemaVersion" : 3,
      "name" : "srv-api",
      "group" : "destinations",
      "properties" : {
        "name" : "srv-api",
        "forwardAuthToken" : "********",
        "strictSSL" : true,
        "url" : "https://4813756dtrial-dev-poapp-srv.cfapps.us10-001.hana.ondemand.com"
      },
      "parameters" : { },
      "propertiesMetadata" : {
        "metadata" : { }
      },
      "parametersMetadata" : {
        "metadata" : { }
      }
    }, {
      "majorSchemaVersion" : 3,
      "name" : "********",
      "properties" : { },
      "parameters" : { },
      "propertiesMetadata" : {
        "metadata" : { }
      },
      "parametersMetadata" : {
        "metadata" : { }
      }
    } ],
    "providedDependencies" : [ {
      "majorSchemaVersion" : 3,
      "name" : "poapp-ui",
      "isPublic" : false,
      "properties" : { },
      "parameters" : { },
      "propertiesMetadata" : {
        "metadata" : { }
      },
      "parametersMetadata" : {
        "metadata" : { }
      }
    } ],
    "propertiesMetadata" : {
      "metadata" : { }
    },
    "parametersMetadata" : {
      "metadata" : { }
    },
    "hooks" : [ ]
  }, {
    "majorSchemaVersion" : 3,
    "name" : "poapp-db-deployer",
    "type" : "com.sap.xs.hdi",
    "path" : "poapp-db-deployer",
    "properties" : {
      "EXIT" : 1
    },
    "parameters" : {
      "default-url" : "https://4813756dtrial-dev-poapp-db-deployer.cfapps.us10-001.hana.ondemand.com",
      "default-app-name" : "poapp-db-deployer",
      "generated-password" : "********",
      "default-live-url" : "https://4813756dtrial-dev-poapp-db-deployer.cfapps.us10-001.hana.ondemand.com",
      "default-uri" : "4813756dtrial-dev-poapp-db-deployer.cfapps.us10-001.hana.ondemand.com",
      "memory" : "256M",
      "default-instances" : 1,
      "no-route" : true,
      "default-live-host" : "4813756dtrial-dev-poapp-db-deployer",
      "instances" : 1,
      "buildpack" : "nodejs_buildpack",
      "default-host" : "4813756dtrial-dev-poapp-db-deployer",
      "app-name" : "poapp-db-deployer",
      "default-live-uri" : "4813756dtrial-dev-poapp-db-deployer.cfapps.us10-001.hana.ondemand.com",
      "protocol" : "https",
      "default-live-app-name" : "poapp-db-deployer",
      "default-live-domain" : "cfapps.us10-001.hana.ondemand.com",
      "dependency-type" : "hard",
      "domain" : "cfapps.us10-001.hana.ondemand.com",
      "host" : "4813756dtrial-dev-poapp-db-deployer",
      "generated-user" : "********",
      "tasks" : [ {
        "command" : "npm start",
        "memory" : "256M",
        "name" : "deploy"
      } ],
      "no-start" : true
    },
    "requiredDependencies" : [ {
      "majorSchemaVersion" : 3,
      "name" : "poapp-db",
      "properties" : { },
      "parameters" : { },
      "propertiesMetadata" : {
        "metadata" : { }
      },
      "parametersMetadata" : {
        "metadata" : { }
      }
    } ],
    "providedDependencies" : [ {
      "majorSchemaVersion" : 3,
      "name" : "poapp-db-deployer",
      "isPublic" : false,
      "properties" : { },
      "parameters" : { },
      "propertiesMetadata" : {
        "metadata" : { }
      },
      "parametersMetadata" : {
        "metadata" : { }
      }
    } ],
    "propertiesMetadata" : {
      "metadata" : { }
    },
    "parametersMetadata" : {
      "metadata" : { }
    },
    "hooks" : [ ]
  } ],
  "resources" : [ {
    "majorSchemaVersion" : 3,
    "name" : "********",
    "type" : "org.cloudfoundry.managed-service",
    "properties" : { },
    "parameters" : {
      "generated-password" : "********",
      "path" : "./xs-security.json",
      "service-name" : "********",
      "service-plan" : "application",
      "service" : "xsuaa",
      "generated-user" : "********",
      "default-xsappname" : "********",
      "type" : "managed-service",
      "config" : {
        "oauth2-configuration" : "********",
        "tenant-mode" : "dedicated",
        "xsappname" : "poapp-4813756dtrial-dev"
      },
      "default-service-name" : "********",
      "default-container-name" : "********"
    },
    "isActive" : true,
    "isOptional" : false,
    "propertiesMetadata" : {
      "metadata" : { }
    },
    "parametersMetadata" : {
      "metadata" : { }
    },
    "requiredDependencies" : [ ],
    "processedAfter" : [ ]
  }, {
    "majorSchemaVersion" : 3,
    "name" : "poapp-db",
    "type" : "com.sap.xs.hdi-container",
    "properties" : { },
    "parameters" : {
      "generated-password" : "********",
      "service-name" : "poapp-db",
      "service-plan" : "hdi-shared",
      "service" : "hana",
      "generated-user" : "********",
      "default-xsappname" : "poapp-db",
      "type" : "managed-service",
      "default-service-name" : "poapp-db",
      "default-container-name" : "4813756DTRIAL_DEV_POAPP_DB"
    },
    "isActive" : true,
    "isOptional" : false,
    "propertiesMetadata" : {
      "metadata" : { }
    },
    "parametersMetadata" : {
      "metadata" : { }
    },
    "requiredDependencies" : [ ],
    "processedAfter" : [ ]
  } ],
  "parameters" : {
    "mta-id" : "poapp",
    "authorization-url" : "********",
    "org-guid" : "7d4df221-b2af-48c0-b133-a5282b0f8bd8",
    "org" : "4813756dtrial",
    "deploy-target" : "4813756dtrial dev",
    "enable-parallel-deployments" : true,
    "region-primary-domain" : "us10.hana.ondemand.com",
    "space" : "dev",
    "region-domain" : "us10-001.hana.ondemand.com",
    "xs-api-url" : "https://api.cf.us10-001.hana.ondemand.com",
    "deploy-url" : "deploy-service.cfapps.us10-001.hana.ondemand.com",
    "xs-type" : "CF",
    "default-domain" : "cfapps.us10-001.hana.ondemand.com",
    "mta-version" : "1.0.0",
    "xs-auth-url" : "********",
    "space-guid" : "582d9646-098e-45fd-9876-46d4d4c5357f",
    "user" : "********",
    "controller-url" : "https://api.cf.us10-001.hana.ondemand.com",
    "timestamp" : "20260608191321"
  },
  "parametersMetadata" : {
    "metadata" : { }
  }
}#
#2026 06 08 19:13:34.905#Z#DEBUG#1d9878e4-636e-11f1-a12f-eeee0a99901e.OPERATION#flowable-async-job-executor-thread-12525#
[ProcessDescriptorStep] Merged descriptor properties and parameters resolved#
#2026 06 08 19:13:34.905#Z#DEBUG#1d9878e4-636e-11f1-a12f-eeee0a99901e.OPERATION#flowable-async-job-executor-thread-12525#
Step "Re-Process Descriptor Step" finished#
#2026 06 08 19:13:34.938#Z#DEBUG#1d9878e4-636e-11f1-a12f-eeee0a99901e.OPERATION#flowable-async-job-executor-thread-12525#
[BuildApplicationDeployModelStep] Executing task "buildApplicationDeployModelTask" of process "2545a75a-636e-11f1-9a00-eeee0a8640b0"...#
#2026 06 08 19:13:34.941#Z#DEBUG#1d9878e4-636e-11f1-a12f-eeee0a99901e.OPERATION#flowable-async-job-executor-thread-12525#
[BuildApplicationDeployModelStep] Building cloud deployment model for application "poapp-srv"...#
#2026 06 08 19:13:34.946#Z#DEBUG#1d9878e4-636e-11f1-a12f-eeee0a99901e.OPERATION#flowable-async-job-executor-thread-12525#
[BuildApplicationDeployModelStep] No health-check-type is specified. Setting default type: port#
#2026 06 08 19:13:34.946#Z#INFO#1d9878e4-636e-11f1-a12f-eeee0a99901e.OPERATION#flowable-async-job-executor-thread-12525#
[BuildApplicationDeployModelStep] Building configuration entries for org 4813756dtrial, space dev, spaceId 582d9646-098e-45fd-9876-46d4d4c5357f and namespace null!#
#2026 06 08 19:13:34.947#Z#DEBUG#1d9878e4-636e-11f1-a12f-eeee0a99901e.OPERATION#flowable-async-job-executor-thread-12525#
[BuildApplicationDeployModelStep] Configuration entries to publish: [ ]#
#2026 06 08 19:13:34.947#Z#DEBUG#1d9878e4-636e-11f1-a12f-eeee0a99901e.OPERATION#flowable-async-job-executor-thread-12525#
[BuildApplicationDeployModelStep] Cloud deployment model for application built#
#2026 06 08 19:13:34.947#Z#DEBUG#1d9878e4-636e-11f1-a12f-eeee0a99901e.OPERATION#flowable-async-job-executor-thread-12525#
Step "Build Application Deploy Model" finished#
#2026 06 08 19:13:35.213#Z#DEBUG#1d9878e4-636e-11f1-a12f-eeee0a99901e.OPERATION#flowable-async-job-executor-thread-12521#
[ProcessDescriptorStep] Executing task "reprocessDescriptorTask" of process "25762d0c-636e-11f1-9a00-eeee0a8640b0"...#
#2026 06 08 19:13:35.214#Z#DEBUG#1d9878e4-636e-11f1-a12f-eeee0a99901e.OPERATION#flowable-async-job-executor-thread-12521#
[ProcessDescriptorStep] Resolving properties and parameters in merged descriptor...#
#2026 06 08 19:13:35.217#Z#DEBUG#1d9878e4-636e-11f1-a12f-eeee0a99901e.OPERATION#flowable-async-job-executor-thread-12521#
[ProcessDescriptorStep] Subscriptions: [ ]#
#2026 06 08 19:13:35.223#Z#DEBUG#1d9878e4-636e-11f1-a12f-eeee0a99901e.OPERATION#flowable-async-job-executor-thread-12521#
[ProcessDescriptorStep] MTA modules: [poapp-srv, poapp-ui, poapp-db-deployer]#
#2026 06 08 19:13:35.227#Z#DEBUG#1d9878e4-636e-11f1-a12f-eeee0a99901e.OPERATION#flowable-async-job-executor-thread-12521#
[ProcessDescriptorStep] Resolved deployment descriptor: {
  "majorSchemaVersion" : 3,
  "schemaVersion" : "3.3.0",
  "id" : "poapp",
  "version" : "1.0.0",
  "modules" : [ {
    "majorSchemaVersion" : 3,
    "name" : "poapp-srv",
    "type" : "javascript.nodejs",
    "path" : "poapp-srv",
    "properties" : { },
    "parameters" : {
      "default-url" : "https://4813756dtrial-dev-poapp-srv.cfapps.us10-001.hana.ondemand.com",
      "default-app-name" : "poapp-srv",
      "generated-password" : "********",
      "default-live-url" : "https://4813756dtrial-dev-poapp-srv.cfapps.us10-001.hana.ondemand.com",
      "default-uri" : "4813756dtrial-dev-poapp-srv.cfapps.us10-001.hana.ondemand.com",
      "default-instances" : 1,
      "default-live-host" : "4813756dtrial-dev-poapp-srv",
      "instances" : 1,
      "buildpack" : "nodejs_buildpack",
      "default-host" : "4813756dtrial-dev-poapp-srv",
      "app-name" : "poapp-srv",
      "default-live-uri" : "4813756dtrial-dev-poapp-srv.cfapps.us10-001.hana.ondemand.com",
      "protocol" : "https",
      "default-live-app-name" : "poapp-srv",
      "default-live-domain" : "cfapps.us10-001.hana.ondemand.com",
      "domain" : "cfapps.us10-001.hana.ondemand.com",
      "host" : "4813756dtrial-dev-poapp-srv",
      "generated-user" : "********"
    },
    "requiredDependencies" : [ {
      "majorSchemaVersion" : 3,
      "name" : "********",
      "properties" : { },
      "parameters" : { },
      "propertiesMetadata" : {
        "metadata" : { }
      },
      "parametersMetadata" : {
        "metadata" : { }
      }
    }, {
      "majorSchemaVersion" : 3,
      "name" : "poapp-db",
      "properties" : { },
      "parameters" : { },
      "propertiesMetadata" : {
        "metadata" : { }
      },
      "parametersMetadata" : {
        "metadata" : { }
      }
    } ],
    "providedDependencies" : [ {
      "majorSchemaVersion" : 3,
      "name" : "srv-api",
      "isPublic" : false,
      "properties" : {
        "srv-url" : "https://4813756dtrial-dev-poapp-srv.cfapps.us10-001.hana.ondemand.com"
      },
      "parameters" : { },
      "propertiesMetadata" : {
        "metadata" : { }
      },
      "parametersMetadata" : {
        "metadata" : { }
      }
    }, {
      "majorSchemaVersion" : 3,
      "name" : "poapp-srv",
      "isPublic" : false,
      "properties" : { },
      "parameters" : { },
      "propertiesMetadata" : {
        "metadata" : { }
      },
      "parametersMetadata" : {
        "metadata" : { }
      }
    } ],
    "propertiesMetadata" : {
      "metadata" : { }
    },
    "parametersMetadata" : {
      "metadata" : { }
    },
    "hooks" : [ ]
  }, {
    "majorSchemaVersion" : 3,
    "name" : "poapp-ui",
    "type" : "javascript.nodejs",
    "path" : "poapp-ui",
    "properties" : { },
    "parameters" : {
      "default-url" : "https://4813756dtrial-dev-poapp-ui.cfapps.us10-001.hana.ondemand.com",
      "default-app-name" : "poapp-ui",
      "generated-password" : "********",
      "default-live-url" : "https://4813756dtrial-dev-poapp-ui.cfapps.us10-001.hana.ondemand.com",
      "default-uri" : "4813756dtrial-dev-poapp-ui.cfapps.us10-001.hana.ondemand.com",
      "default-instances" : 1,
      "default-live-host" : "4813756dtrial-dev-poapp-ui",
      "instances" : 1,
      "buildpack" : "nodejs_buildpack",
      "default-host" : "4813756dtrial-dev-poapp-ui",
      "app-name" : "poapp-ui",
      "default-live-uri" : "4813756dtrial-dev-poapp-ui.cfapps.us10-001.hana.ondemand.com",
      "protocol" : "https",
      "default-live-app-name" : "poapp-ui",
      "default-live-domain" : "cfapps.us10-001.hana.ondemand.com",
      "domain" : "cfapps.us10-001.hana.ondemand.com",
      "host" : "4813756dtrial-dev-poapp-ui",
      "generated-user" : "********"
    },
    "requiredDependencies" : [ {
      "majorSchemaVersion" : 3,
      "name" : "srv-api",
      "group" : "destinations",
      "properties" : {
        "name" : "srv-api",
        "forwardAuthToken" : "********",
        "strictSSL" : true,
        "url" : "https://4813756dtrial-dev-poapp-srv.cfapps.us10-001.hana.ondemand.com"
      },
      "parameters" : { },
      "propertiesMetadata" : {
        "metadata" : { }
      },
      "parametersMetadata" : {
        "metadata" : { }
      }
    }, {
      "majorSchemaVersion" : 3,
      "name" : "********",
      "properties" : { },
      "parameters" : { },
      "propertiesMetadata" : {
        "metadata" : { }
      },
      "parametersMetadata" : {
        "metadata" : { }
      }
    } ],
    "providedDependencies" : [ {
      "majorSchemaVersion" : 3,
      "name" : "poapp-ui",
      "isPublic" : false,
      "properties" : { },
      "parameters" : { },
      "propertiesMetadata" : {
        "metadata" : { }
      },
      "parametersMetadata" : {
        "metadata" : { }
      }
    } ],
    "propertiesMetadata" : {
      "metadata" : { }
    },
    "parametersMetadata" : {
      "metadata" : { }
    },
    "hooks" : [ ]
  }, {
    "majorSchemaVersion" : 3,
    "name" : "poapp-db-deployer",
    "type" : "com.sap.xs.hdi",
    "path" : "poapp-db-deployer",
    "properties" : {
      "EXIT" : 1
    },
    "parameters" : {
      "default-url" : "https://4813756dtrial-dev-poapp-db-deployer.cfapps.us10-001.hana.ondemand.com",
      "default-app-name" : "poapp-db-deployer",
      "generated-password" : "********",
      "default-live-url" : "https://4813756dtrial-dev-poapp-db-deployer.cfapps.us10-001.hana.ondemand.com",
      "default-uri" : "4813756dtrial-dev-poapp-db-deployer.cfapps.us10-001.hana.ondemand.com",
      "memory" : "256M",
      "default-instances" : 1,
      "no-route" : true,
      "default-live-host" : "4813756dtrial-dev-poapp-db-deployer",
      "instances" : 1,
      "buildpack" : "nodejs_buildpack",
      "default-host" : "4813756dtrial-dev-poapp-db-deployer",
      "app-name" : "poapp-db-deployer",
      "default-live-uri" : "4813756dtrial-dev-poapp-db-deployer.cfapps.us10-001.hana.ondemand.com",
      "protocol" : "https",
      "default-live-app-name" : "poapp-db-deployer",
      "default-live-domain" : "cfapps.us10-001.hana.ondemand.com",
      "dependency-type" : "hard",
      "domain" : "cfapps.us10-001.hana.ondemand.com",
      "host" : "4813756dtrial-dev-poapp-db-deployer",
      "generated-user" : "********",
      "tasks" : [ {
        "command" : "npm start",
        "memory" : "256M",
        "name" : "deploy"
      } ],
      "no-start" : true
    },
    "requiredDependencies" : [ {
      "majorSchemaVersion" : 3,
      "name" : "poapp-db",
      "properties" : { },
      "parameters" : { },
      "propertiesMetadata" : {
        "metadata" : { }
      },
      "parametersMetadata" : {
        "metadata" : { }
      }
    } ],
    "providedDependencies" : [ {
      "majorSchemaVersion" : 3,
      "name" : "poapp-db-deployer",
      "isPublic" : false,
      "properties" : { },
      "parameters" : { },
      "propertiesMetadata" : {
        "metadata" : { }
      },
      "parametersMetadata" : {
        "metadata" : { }
      }
    } ],
    "propertiesMetadata" : {
      "metadata" : { }
    },
    "parametersMetadata" : {
      "metadata" : { }
    },
    "hooks" : [ ]
  } ],
  "resources" : [ {
    "majorSchemaVersion" : 3,
    "name" : "********",
    "type" : "org.cloudfoundry.managed-service",
    "properties" : { },
    "parameters" : {
      "generated-password" : "********",
      "path" : "./xs-security.json",
      "service-name" : "********",
      "service-plan" : "application",
      "service" : "xsuaa",
      "generated-user" : "********",
      "default-xsappname" : "********",
      "type" : "managed-service",
      "config" : {
        "oauth2-configuration" : "********",
        "tenant-mode" : "dedicated",
        "xsappname" : "poapp-4813756dtrial-dev"
      },
      "default-service-name" : "********",
      "default-container-name" : "********"
    },
    "isActive" : true,
    "isOptional" : false,
    "propertiesMetadata" : {
      "metadata" : { }
    },
    "parametersMetadata" : {
      "metadata" : { }
    },
    "requiredDependencies" : [ ],
    "processedAfter" : [ ]
  }, {
    "majorSchemaVersion" : 3,
    "name" : "poapp-db",
    "type" : "com.sap.xs.hdi-container",
    "properties" : { },
    "parameters" : {
      "generated-password" : "********",
      "service-name" : "poapp-db",
      "service-plan" : "hdi-shared",
      "service" : "hana",
      "generated-user" : "********",
      "default-xsappname" : "poapp-db",
      "type" : "managed-service",
      "default-service-name" : "poapp-db",
      "default-container-name" : "4813756DTRIAL_DEV_POAPP_DB"
    },
    "isActive" : true,
    "isOptional" : false,
    "propertiesMetadata" : {
      "metadata" : { }
    },
    "parametersMetadata" : {
      "metadata" : { }
    },
    "requiredDependencies" : [ ],
    "processedAfter" : [ ]
  } ],
  "parameters" : {
    "mta-id" : "poapp",
    "authorization-url" : "********",
    "org-guid" : "7d4df221-b2af-48c0-b133-a5282b0f8bd8",
    "org" : "4813756dtrial",
    "deploy-target" : "4813756dtrial dev",
    "enable-parallel-deployments" : true,
    "region-primary-domain" : "us10.hana.ondemand.com",
    "space" : "dev",
    "region-domain" : "us10-001.hana.ondemand.com",
    "xs-api-url" : "https://api.cf.us10-001.hana.ondemand.com",
    "deploy-url" : "deploy-service.cfapps.us10-001.hana.ondemand.com",
    "xs-type" : "CF",
    "default-domain" : "cfapps.us10-001.hana.ondemand.com",
    "mta-version" : "1.0.0",
    "xs-auth-url" : "********",
    "space-guid" : "582d9646-098e-45fd-9876-46d4d4c5357f",
    "user" : "********",
    "controller-url" : "https://api.cf.us10-001.hana.ondemand.com",
    "timestamp" : "20260608191321"
  },
  "parametersMetadata" : {
    "metadata" : { }
  }
}#
#2026 06 08 19:13:35.227#Z#DEBUG#1d9878e4-636e-11f1-a12f-eeee0a99901e.OPERATION#flowable-async-job-executor-thread-12521#
[ProcessDescriptorStep] Merged descriptor properties and parameters resolved#
#2026 06 08 19:13:35.227#Z#DEBUG#1d9878e4-636e-11f1-a12f-eeee0a99901e.OPERATION#flowable-async-job-executor-thread-12521#
Step "Re-Process Descriptor Step" finished#
#2026 06 08 19:13:35.276#Z#DEBUG#1d9878e4-636e-11f1-a12f-eeee0a99901e.OPERATION#flowable-async-job-executor-thread-12521#
[BuildApplicationDeployModelStep] Executing task "buildApplicationDeployModelTask" of process "25762d0c-636e-11f1-9a00-eeee0a8640b0"...#
#2026 06 08 19:13:35.278#Z#DEBUG#1d9878e4-636e-11f1-a12f-eeee0a99901e.OPERATION#flowable-async-job-executor-thread-12521#
[BuildApplicationDeployModelStep] Building cloud deployment model for application "poapp-ui"...#
#2026 06 08 19:13:35.284#Z#DEBUG#1d9878e4-636e-11f1-a12f-eeee0a99901e.OPERATION#flowable-async-job-executor-thread-12521#
[BuildApplicationDeployModelStep] No health-check-type is specified. Setting default type: port#
#2026 06 08 19:13:35.284#Z#INFO#1d9878e4-636e-11f1-a12f-eeee0a99901e.OPERATION#flowable-async-job-executor-thread-12521#
[BuildApplicationDeployModelStep] Building configuration entries for org 4813756dtrial, space dev, spaceId 582d9646-098e-45fd-9876-46d4d4c5357f and namespace null!#
#2026 06 08 19:13:35.285#Z#DEBUG#1d9878e4-636e-11f1-a12f-eeee0a99901e.OPERATION#flowable-async-job-executor-thread-12521#
[BuildApplicationDeployModelStep] Configuration entries to publish: [ ]#
#2026 06 08 19:13:35.285#Z#DEBUG#1d9878e4-636e-11f1-a12f-eeee0a99901e.OPERATION#flowable-async-job-executor-thread-12521#
[BuildApplicationDeployModelStep] Cloud deployment model for application built#
#2026 06 08 19:13:35.285#Z#DEBUG#1d9878e4-636e-11f1-a12f-eeee0a99901e.OPERATION#flowable-async-job-executor-thread-12521#
Step "Build Application Deploy Model" finished#
#2026 06 08 19:13:34.989#Z#DEBUG#1d9878e4-636e-11f1-a12f-eeee0a99901e.OPERATION#flowable-async-job-executor-thread-12525#
[CreateOrUpdateAppStep] Executing task "createAppTask" of process "2545a75a-636e-11f1-9a00-eeee0a8640b0"...#
#2026 06 08 19:13:34.990#Z#DEBUG#1d9878e4-636e-11f1-a12f-eeee0a99901e.OPERATION#flowable-async-job-executor-thread-12525#
[CreateOrUpdateAppStep] Getting application "poapp-srv"...#
#2026 06 08 19:13:35.033#Z#INFO#1d9878e4-636e-11f1-a12f-eeee0a99901e.OPERATION#flowable-async-job-executor-thread-12525#
[CreateOrUpdateAppStep] Updating application "poapp-srv"...#
#2026 06 08 19:13:35.042#Z#DEBUG#1d9878e4-636e-11f1-a12f-eeee0a99901e.OPERATION#flowable-async-job-executor-thread-12525#
[CreateOrUpdateAppStep] Getting process for application "1d21af92-b55b-4693-9a57-684f3d32d5d6"...#
#2026 06 08 19:13:35.078#Z#DEBUG#1d9878e4-636e-11f1-a12f-eeee0a99901e.OPERATION#flowable-async-job-executor-thread-12525#
[CreateOrUpdateAppStep] Getting routes for application "1d21af92-b55b-4693-9a57-684f3d32d5d6"...#
#2026 06 08 19:13:35.124#Z#DEBUG#1d9878e4-636e-11f1-a12f-eeee0a99901e.OPERATION#flowable-async-job-executor-thread-12525#
[CreateOrUpdateAppStep] Getting features for application "1d21af92-b55b-4693-9a57-684f3d32d5d6"#
#2026 06 08 19:13:35.159#Z#DEBUG#1d9878e4-636e-11f1-a12f-eeee0a99901e.OPERATION#flowable-async-job-executor-thread-12525#
[CreateOrUpdateAppStep] Updating staging of application "poapp-srv" to: {
  "buildpacks" : [ "nodejs_buildpack" ],
  "healthCheckType" : "port",
  "appFeatures" : { }
}#
#2026 06 08 19:13:35.330#Z#DEBUG#1d9878e4-636e-11f1-a12f-eeee0a99901e.OPERATION#flowable-async-job-executor-thread-12521#
[CreateOrUpdateAppStep] Executing task "createAppTask" of process "25762d0c-636e-11f1-9a00-eeee0a8640b0"...#
#2026 06 08 19:13:35.332#Z#DEBUG#1d9878e4-636e-11f1-a12f-eeee0a99901e.OPERATION#flowable-async-job-executor-thread-12521#
[CreateOrUpdateAppStep] Getting application "poapp-ui"...#
#2026 06 08 19:13:35.369#Z#DEBUG#1d9878e4-636e-11f1-a12f-eeee0a99901e.OPERATION#flowable-async-job-executor-thread-12525#
[CreateOrUpdateAppStep] Application "poapp-srv" updated#
#2026 06 08 19:13:35.369#Z#DEBUG#1d9878e4-636e-11f1-a12f-eeee0a99901e.OPERATION#flowable-async-job-executor-thread-12525#
[CreateOrUpdateAppStep] Getting environment of application "1d21af92-b55b-4693-9a57-684f3d32d5d6"...#
#2026 06 08 19:13:35.375#Z#INFO#1d9878e4-636e-11f1-a12f-eeee0a99901e.OPERATION#flowable-async-job-executor-thread-12521#
[CreateOrUpdateAppStep] Updating application "poapp-ui"...#
#2026 06 08 19:13:35.383#Z#DEBUG#1d9878e4-636e-11f1-a12f-eeee0a99901e.OPERATION#flowable-async-job-executor-thread-12521#
[CreateOrUpdateAppStep] Getting process for application "09bdb4e9-89a8-44d2-b0f2-2b6ea4138a0c"...#
#2026 06 08 19:13:35.422#Z#DEBUG#1d9878e4-636e-11f1-a12f-eeee0a99901e.OPERATION#flowable-async-job-executor-thread-12521#
[CreateOrUpdateAppStep] Getting routes for application "09bdb4e9-89a8-44d2-b0f2-2b6ea4138a0c"...#
#2026 06 08 19:13:35.434#Z#DEBUG#1d9878e4-636e-11f1-a12f-eeee0a99901e.OPERATION#flowable-async-job-executor-thread-12525#
[CreateOrUpdateAppStep] Application "poapp-srv" updated#
#2026 06 08 19:13:35.434#Z#DEBUG#1d9878e4-636e-11f1-a12f-eeee0a99901e.OPERATION#flowable-async-job-executor-thread-12525#
Step "Create App" finished#
#2026 06 08 19:13:35.550#Z#DEBUG#1d9878e4-636e-11f1-a12f-eeee0a99901e.OPERATION#flowable-async-job-executor-thread-12525#
[CheckServiceBindingOperationStep] Executing task "checkForServiceBindingOperationInProgress" of process "25af17b4-636e-11f1-9a00-eeee0a8640b0"...#
#2026 06 08 19:13:35.550#Z#DEBUG#1d9878e4-636e-11f1-a12f-eeee0a99901e.OPERATION#flowable-async-job-executor-thread-12525#
[CheckServiceBindingOperationStep] Checking for service binding operation in progress between app "poapp-srv" and service instance "poapp-auth"#
#2026 06 08 19:13:35.551#Z#DEBUG#1d9878e4-636e-11f1-a12f-eeee0a99901e.OPERATION#flowable-async-job-executor-thread-12525#
[CheckServiceBindingOperationStep] Getting application guid "poapp-srv"...#
#2026 06 08 19:13:35.588#Z#DEBUG#1d9878e4-636e-11f1-a12f-eeee0a99901e.OPERATION#flowable-async-job-executor-thread-12525#
[CheckServiceBindingOperationStep] Getting GUID of required service instance "poapp-auth"...#
#2026 06 08 19:13:35.618#Z#DEBUG#1d9878e4-636e-11f1-a12f-eeee0a99901e.OPERATION#flowable-async-job-executor-thread-12525#
[CheckServiceBindingOperationStep] Getting binding of service instance "8c0d513e-aae1-4b32-9888-29d6087ccd7c" with application "1d21af92-b55b-4693-9a57-684f3d32d5d6"...#
#2026 06 08 19:13:35.648#Z#DEBUG#1d9878e4-636e-11f1-a12f-eeee0a99901e.OPERATION#flowable-async-job-executor-thread-12525#
[CheckServiceBindingOperationStep] Service binding operation "a212df23-66cc-4437-95ec-ba40b8d64de1" with type "create" is in state "succeeded"#
#2026 06 08 19:13:35.649#Z#DEBUG#1d9878e4-636e-11f1-a12f-eeee0a99901e.OPERATION#flowable-async-job-executor-thread-12525#
Step "Check For Service Binding Operation In Progress" finished#
#2026 06 08 19:13:35.682#Z#DEBUG#1d9878e4-636e-11f1-a12f-eeee0a99901e.OPERATION#flowable-async-job-executor-thread-12525#
[DetermineApplicationServiceBindingActionsStep] Executing task "determineApplicationServiceBindingActionsTask" of process "25af17b4-636e-11f1-9a00-eeee0a8640b0"...#
#2026 06 08 19:13:35.684#Z#DEBUG#1d9878e4-636e-11f1-a12f-eeee0a99901e.OPERATION#flowable-async-job-executor-thread-12525#
[DetermineApplicationServiceBindingActionsStep] Determine bind/unbind operations of application "poapp-srv" to service instance "poapp-auth"#
#2026 06 08 19:13:35.684#Z#DEBUG#1d9878e4-636e-11f1-a12f-eeee0a99901e.OPERATION#flowable-async-job-executor-thread-12525#
[DetermineApplicationServiceBindingActionsStep] Getting application "poapp-srv"...#
#2026 06 08 19:13:35.726#Z#DEBUG#1d9878e4-636e-11f1-a12f-eeee0a99901e.OPERATION#flowable-async-job-executor-thread-12525#
[DetermineApplicationServiceBindingActionsStep] Binding parameters for application "poapp-srv": { }#
#2026 06 08 19:13:35.766#Z#DEBUG#1d9878e4-636e-11f1-a12f-eeee0a99901e.OPERATION#flowable-async-job-executor-thread-12525#
[DetermineApplicationServiceBindingActionsStep] Check should rebind application "poapp-srv" and service instance "poapp-auth"#
#2026 06 08 19:13:35.766#Z#DEBUG#1d9878e4-636e-11f1-a12f-eeee0a99901e.OPERATION#flowable-async-job-executor-thread-12525#
[DetermineApplicationServiceBindingActionsStep] Getting GUID of required service instance "poapp-auth"...#
#2026 06 08 19:13:35.793#Z#DEBUG#1d9878e4-636e-11f1-a12f-eeee0a99901e.OPERATION#flowable-async-job-executor-thread-12525#
[DetermineApplicationServiceBindingActionsStep] Getting binding of service instance "8c0d513e-aae1-4b32-9888-29d6087ccd7c" with application "1d21af92-b55b-4693-9a57-684f3d32d5d6"...#
#2026 06 08 19:13:35.829#Z#DEBUG#1d9878e4-636e-11f1-a12f-eeee0a99901e.OPERATION#flowable-async-job-executor-thread-12525#
[DetermineApplicationServiceBindingActionsStep] Getting parameters of service binding "a212df23-66cc-4437-95ec-ba40b8d64de1"...#
#2026 06 08 19:13:35.870#Z#WARN#1d9878e4-636e-11f1-a12f-eeee0a99901e.OPERATION#flowable-async-job-executor-thread-12525#
[DetermineApplicationServiceBindingActionsStep] Cannot retrieve parameters of binding between application "poapp-srv" and service instance "poapp-auth"#
#2026 06 08 19:13:35.872#Z#DEBUG#1d9878e4-636e-11f1-a12f-eeee0a99901e.OPERATION#flowable-async-job-executor-thread-12525#
[DetermineApplicationServiceBindingActionsStep] Calculated binding operations between application "poapp-srv" and service instance "poapp-auth": unbind - true bind - true#
#2026 06 08 19:13:35.872#Z#DEBUG#1d9878e4-636e-11f1-a12f-eeee0a99901e.OPERATION#flowable-async-job-executor-thread-12525#
Step "Determine Application Service Binding Actions" finished#
#2026 06 08 19:13:35.469#Z#DEBUG#1d9878e4-636e-11f1-a12f-eeee0a99901e.OPERATION#flowable-async-job-executor-thread-12521#
[CreateOrUpdateAppStep] Getting features for application "09bdb4e9-89a8-44d2-b0f2-2b6ea4138a0c"#
#2026 06 08 19:13:35.492#Z#DEBUG#1d9878e4-636e-11f1-a12f-eeee0a99901e.OPERATION#flowable-async-job-executor-thread-12521#
[CreateOrUpdateAppStep] Updating staging of application "poapp-ui" to: {
  "buildpacks" : [ "nodejs_buildpack" ],
  "healthCheckType" : "port",
  "appFeatures" : { }
}#
#2026 06 08 19:13:35.723#Z#DEBUG#1d9878e4-636e-11f1-a12f-eeee0a99901e.OPERATION#flowable-async-job-executor-thread-12521#
[CreateOrUpdateAppStep] Application "poapp-ui" updated#
#2026 06 08 19:13:35.723#Z#DEBUG#1d9878e4-636e-11f1-a12f-eeee0a99901e.OPERATION#flowable-async-job-executor-thread-12521#
[CreateOrUpdateAppStep] Getting environment of application "09bdb4e9-89a8-44d2-b0f2-2b6ea4138a0c"...#
#2026 06 08 19:13:35.757#Z#DEBUG#1d9878e4-636e-11f1-a12f-eeee0a99901e.OPERATION#flowable-async-job-executor-thread-12521#
[CreateOrUpdateAppStep] Applying update strategy "REPLACE" to env#
#2026 06 08 19:13:35.757#Z#DEBUG#1d9878e4-636e-11f1-a12f-eeee0a99901e.OPERATION#flowable-async-job-executor-thread-12521#
[CreateOrUpdateAppStep] Updating environment of application "poapp-ui"#
#2026 06 08 19:13:35.873#Z#DEBUG#1d9878e4-636e-11f1-a12f-eeee0a99901e.OPERATION#flowable-async-job-executor-thread-12521#
[CreateOrUpdateAppStep] Application "poapp-ui" updated#
#2026 06 08 19:13:35.873#Z#DEBUG#1d9878e4-636e-11f1-a12f-eeee0a99901e.OPERATION#flowable-async-job-executor-thread-12521#
Step "Create App" finished#
#2026 06 08 19:13:35.913#Z#DEBUG#1d9878e4-636e-11f1-a12f-eeee0a99901e.OPERATION#flowable-async-job-executor-thread-12525#
[UnbindServiceFromApplicationStep] Executing task "unbindServiceFromApplicationTask" of process "25af17b4-636e-11f1-9a00-eeee0a8640b0"...#
#2026 06 08 19:13:35.916#Z#INFO#1d9878e4-636e-11f1-a12f-eeee0a99901e.OPERATION#flowable-async-job-executor-thread-12525#
[UnbindServiceFromApplicationStep] Unbinding service instance "poapp-auth" from application "poapp-srv"...#
#2026 06 08 19:13:35.920#Z#DEBUG#1d9878e4-636e-11f1-a12f-eeee0a99901e.OPERATION#flowable-async-job-executor-thread-12525#
[UnbindServiceFromApplicationStep] Unbinding application "poapp-srv" from service instance "poapp-auth"...#
#2026 06 08 19:13:36.082#Z#DEBUG#1d9878e4-636e-11f1-a12f-eeee0a99901e.OPERATION#flowable-async-job-executor-thread-12525#
Step "Unbind Service from Application" finished#
#2026 06 08 19:13:35.973#Z#DEBUG#1d9878e4-636e-11f1-a12f-eeee0a99901e.OPERATION#flowable-async-job-executor-thread-12521#
[CheckServiceBindingOperationStep] Executing task "checkForServiceBindingOperationInProgress" of process "25f065c2-636e-11f1-9a00-eeee0a8640b0"...#
#2026 06 08 19:13:35.973#Z#DEBUG#1d9878e4-636e-11f1-a12f-eeee0a99901e.OPERATION#flowable-async-job-executor-thread-12521#
[CheckServiceBindingOperationStep] Checking for service binding operation in progress between app "poapp-ui" and service instance "poapp-auth"#
#2026 06 08 19:13:35.974#Z#DEBUG#1d9878e4-636e-11f1-a12f-eeee0a99901e.OPERATION#flowable-async-job-executor-thread-12521#
[CheckServiceBindingOperationStep] Getting application guid "poapp-ui"...#
#2026 06 08 19:13:36.018#Z#DEBUG#1d9878e4-636e-11f1-a12f-eeee0a99901e.OPERATION#flowable-async-job-executor-thread-12521#
[CheckServiceBindingOperationStep] Getting GUID of required service instance "poapp-auth"...#
#2026 06 08 19:13:36.053#Z#DEBUG#1d9878e4-636e-11f1-a12f-eeee0a99901e.OPERATION#flowable-async-job-executor-thread-12521#
[CheckServiceBindingOperationStep] Getting binding of service instance "8c0d513e-aae1-4b32-9888-29d6087ccd7c" with application "09bdb4e9-89a8-44d2-b0f2-2b6ea4138a0c"...#
#2026 06 08 19:13:36.090#Z#DEBUG#1d9878e4-636e-11f1-a12f-eeee0a99901e.OPERATION#flowable-async-job-executor-thread-12521#
[CheckServiceBindingOperationStep] Service binding operation "fcd1edd2-2e30-423b-9d88-3ef3ec4c3ab3" with type "create" is in state "succeeded"#
#2026 06 08 19:13:36.090#Z#DEBUG#1d9878e4-636e-11f1-a12f-eeee0a99901e.OPERATION#flowable-async-job-executor-thread-12521#
Step "Check For Service Binding Operation In Progress" finished#
#2026 06 08 19:13:36.123#Z#DEBUG#1d9878e4-636e-11f1-a12f-eeee0a99901e.OPERATION#flowable-async-job-executor-thread-12521#
[DetermineApplicationServiceBindingActionsStep] Executing task "determineApplicationServiceBindingActionsTask" of process "25f065c2-636e-11f1-9a00-eeee0a8640b0"...#
#2026 06 08 19:13:36.125#Z#DEBUG#1d9878e4-636e-11f1-a12f-eeee0a99901e.OPERATION#flowable-async-job-executor-thread-12521#
[DetermineApplicationServiceBindingActionsStep] Determine bind/unbind operations of application "poapp-ui" to service instance "poapp-auth"#
#2026 06 08 19:13:36.125#Z#DEBUG#1d9878e4-636e-11f1-a12f-eeee0a99901e.OPERATION#flowable-async-job-executor-thread-12521#
[DetermineApplicationServiceBindingActionsStep] Getting application "poapp-ui"...#
#2026 06 08 19:13:36.171#Z#DEBUG#1d9878e4-636e-11f1-a12f-eeee0a99901e.OPERATION#flowable-async-job-executor-thread-12521#
[DetermineApplicationServiceBindingActionsStep] Binding parameters for application "poapp-ui": { }#
#2026 06 08 19:13:36.204#Z#DEBUG#1d9878e4-636e-11f1-a12f-eeee0a99901e.OPERATION#flowable-async-job-executor-thread-12521#
[DetermineApplicationServiceBindingActionsStep] Check should rebind application "poapp-ui" and service instance "poapp-auth"#
#2026 06 08 19:13:36.204#Z#DEBUG#1d9878e4-636e-11f1-a12f-eeee0a99901e.OPERATION#flowable-async-job-executor-thread-12521#
[DetermineApplicationServiceBindingActionsStep] Getting GUID of required service instance "poapp-auth"...#
#2026 06 08 19:13:36.233#Z#DEBUG#1d9878e4-636e-11f1-a12f-eeee0a99901e.OPERATION#flowable-async-job-executor-thread-12521#
[DetermineApplicationServiceBindingActionsStep] Getting binding of service instance "8c0d513e-aae1-4b32-9888-29d6087ccd7c" with application "09bdb4e9-89a8-44d2-b0f2-2b6ea4138a0c"...#
#2026 06 08 19:13:36.268#Z#DEBUG#1d9878e4-636e-11f1-a12f-eeee0a99901e.OPERATION#flowable-async-job-executor-thread-12521#
[DetermineApplicationServiceBindingActionsStep] Getting parameters of service binding "fcd1edd2-2e30-423b-9d88-3ef3ec4c3ab3"...#
#2026 06 08 19:13:36.298#Z#WARN#1d9878e4-636e-11f1-a12f-eeee0a99901e.OPERATION#flowable-async-job-executor-thread-12521#
[DetermineApplicationServiceBindingActionsStep] Cannot retrieve parameters of binding between application "poapp-ui" and service instance "poapp-auth"#
#2026 06 08 19:13:36.300#Z#DEBUG#1d9878e4-636e-11f1-a12f-eeee0a99901e.OPERATION#flowable-async-job-executor-thread-12521#
[DetermineApplicationServiceBindingActionsStep] Calculated binding operations between application "poapp-ui" and service instance "poapp-auth": unbind - true bind - true#
#2026 06 08 19:13:36.300#Z#DEBUG#1d9878e4-636e-11f1-a12f-eeee0a99901e.OPERATION#flowable-async-job-executor-thread-12521#
Step "Determine Application Service Binding Actions" finished#
#2026 06 08 19:13:36.334#Z#DEBUG#1d9878e4-636e-11f1-a12f-eeee0a99901e.OPERATION#flowable-async-job-executor-thread-12521#
[UnbindServiceFromApplicationStep] Executing task "unbindServiceFromApplicationTask" of process "25f065c2-636e-11f1-9a00-eeee0a8640b0"...#
#2026 06 08 19:13:36.336#Z#INFO#1d9878e4-636e-11f1-a12f-eeee0a99901e.OPERATION#flowable-async-job-executor-thread-12521#
[UnbindServiceFromApplicationStep] Unbinding service instance "poapp-auth" from application "poapp-ui"...#
#2026 06 08 19:13:36.341#Z#DEBUG#1d9878e4-636e-11f1-a12f-eeee0a99901e.OPERATION#flowable-async-job-executor-thread-12521#
[UnbindServiceFromApplicationStep] Unbinding application "poapp-ui" from service instance "poapp-auth"...#
#2026 06 08 19:13:36.489#Z#DEBUG#1d9878e4-636e-11f1-a12f-eeee0a99901e.OPERATION#flowable-async-job-executor-thread-12521#
Step "Unbind Service from Application" finished#
#2026 06 08 19:13:37.921#Z#DEBUG#1d9878e4-636e-11f1-a12f-eeee0a99901e.OPERATION#flowable-async-job-executor-thread-10100#
[ProcessDescriptorStep] Executing task "reprocessDescriptorTask" of process "2711668d-636e-11f1-a12f-eeee0a99901e"...#
#2026 06 08 19:13:37.922#Z#DEBUG#1d9878e4-636e-11f1-a12f-eeee0a99901e.OPERATION#flowable-async-job-executor-thread-10100#
[ProcessDescriptorStep] Resolving properties and parameters in merged descriptor...#
#2026 06 08 19:13:37.926#Z#DEBUG#1d9878e4-636e-11f1-a12f-eeee0a99901e.OPERATION#flowable-async-job-executor-thread-10100#
[ProcessDescriptorStep] Subscriptions: [ ]#
#2026 06 08 19:13:37.934#Z#DEBUG#1d9878e4-636e-11f1-a12f-eeee0a99901e.OPERATION#flowable-async-job-executor-thread-10100#
[ProcessDescriptorStep] MTA modules: [poapp-srv, poapp-ui, poapp-db-deployer]#
#2026 06 08 19:13:37.942#Z#DEBUG#1d9878e4-636e-11f1-a12f-eeee0a99901e.OPERATION#flowable-async-job-executor-thread-10100#
[ProcessDescriptorStep] Resolved deployment descriptor: {
  "majorSchemaVersion" : 3,
  "schemaVersion" : "3.3.0",
  "id" : "poapp",
  "version" : "1.0.0",
  "modules" : [ {
    "majorSchemaVersion" : 3,
    "name" : "poapp-srv",
    "type" : "javascript.nodejs",
    "path" : "poapp-srv",
    "properties" : { },
    "parameters" : {
      "default-url" : "https://4813756dtrial-dev-poapp-srv.cfapps.us10-001.hana.ondemand.com",
      "default-app-name" : "poapp-srv",
      "generated-password" : "********",
      "default-live-url" : "https://4813756dtrial-dev-poapp-srv.cfapps.us10-001.hana.ondemand.com",
      "default-uri" : "4813756dtrial-dev-poapp-srv.cfapps.us10-001.hana.ondemand.com",
      "default-instances" : 1,
      "default-live-host" : "4813756dtrial-dev-poapp-srv",
      "instances" : 1,
      "buildpack" : "nodejs_buildpack",
      "default-host" : "4813756dtrial-dev-poapp-srv",
      "app-name" : "poapp-srv",
      "default-live-uri" : "4813756dtrial-dev-poapp-srv.cfapps.us10-001.hana.ondemand.com",
      "protocol" : "https",
      "default-live-app-name" : "poapp-srv",
      "default-live-domain" : "cfapps.us10-001.hana.ondemand.com",
      "domain" : "cfapps.us10-001.hana.ondemand.com",
      "host" : "4813756dtrial-dev-poapp-srv",
      "generated-user" : "********"
    },
    "requiredDependencies" : [ {
      "majorSchemaVersion" : 3,
      "name" : "********",
      "properties" : { },
      "parameters" : { },
      "propertiesMetadata" : {
        "metadata" : { }
      },
      "parametersMetadata" : {
        "metadata" : { }
      }
    }, {
      "majorSchemaVersion" : 3,
      "name" : "poapp-db",
      "properties" : { },
      "parameters" : { },
      "propertiesMetadata" : {
        "metadata" : { }
      },
      "parametersMetadata" : {
        "metadata" : { }
      }
    } ],
    "providedDependencies" : [ {
      "majorSchemaVersion" : 3,
      "name" : "srv-api",
      "isPublic" : false,
      "properties" : {
        "srv-url" : "https://4813756dtrial-dev-poapp-srv.cfapps.us10-001.hana.ondemand.com"
      },
      "parameters" : { },
      "propertiesMetadata" : {
        "metadata" : { }
      },
      "parametersMetadata" : {
        "metadata" : { }
      }
    }, {
      "majorSchemaVersion" : 3,
      "name" : "poapp-srv",
      "isPublic" : false,
      "properties" : { },
      "parameters" : { },
      "propertiesMetadata" : {
        "metadata" : { }
      },
      "parametersMetadata" : {
        "metadata" : { }
      }
    } ],
    "propertiesMetadata" : {
      "metadata" : { }
    },
    "parametersMetadata" : {
      "metadata" : { }
    },
    "hooks" : [ ]
  }, {
    "majorSchemaVersion" : 3,
    "name" : "poapp-ui",
    "type" : "javascript.nodejs",
    "path" : "poapp-ui",
    "properties" : { },
    "parameters" : {
      "default-url" : "https://4813756dtrial-dev-poapp-ui.cfapps.us10-001.hana.ondemand.com",
      "default-app-name" : "poapp-ui",
      "generated-password" : "********",
      "default-live-url" : "https://4813756dtrial-dev-poapp-ui.cfapps.us10-001.hana.ondemand.com",
      "default-uri" : "4813756dtrial-dev-poapp-ui.cfapps.us10-001.hana.ondemand.com",
      "default-instances" : 1,
      "default-live-host" : "4813756dtrial-dev-poapp-ui",
      "instances" : 1,
      "buildpack" : "nodejs_buildpack",
      "default-host" : "4813756dtrial-dev-poapp-ui",
      "app-name" : "poapp-ui",
      "default-live-uri" : "4813756dtrial-dev-poapp-ui.cfapps.us10-001.hana.ondemand.com",
      "protocol" : "https",
      "default-live-app-name" : "poapp-ui",
      "default-live-domain" : "cfapps.us10-001.hana.ondemand.com",
      "domain" : "cfapps.us10-001.hana.ondemand.com",
      "host" : "4813756dtrial-dev-poapp-ui",
      "generated-user" : "********"
    },
    "requiredDependencies" : [ {
      "majorSchemaVersion" : 3,
      "name" : "srv-api",
      "group" : "destinations",
      "properties" : {
        "name" : "srv-api",
        "forwardAuthToken" : "********",
        "strictSSL" : true,
        "url" : "https://4813756dtrial-dev-poapp-srv.cfapps.us10-001.hana.ondemand.com"
      },
      "parameters" : { },
      "propertiesMetadata" : {
        "metadata" : { }
      },
      "parametersMetadata" : {
        "metadata" : { }
      }
    }, {
      "majorSchemaVersion" : 3,
      "name" : "********",
      "properties" : { },
      "parameters" : { },
      "propertiesMetadata" : {
        "metadata" : { }
      },
      "parametersMetadata" : {
        "metadata" : { }
      }
    } ],
    "providedDependencies" : [ {
      "majorSchemaVersion" : 3,
      "name" : "poapp-ui",
      "isPublic" : false,
      "properties" : { },
      "parameters" : { },
      "propertiesMetadata" : {
        "metadata" : { }
      },
      "parametersMetadata" : {
        "metadata" : { }
      }
    } ],
    "propertiesMetadata" : {
      "metadata" : { }
    },
    "parametersMetadata" : {
      "metadata" : { }
    },
    "hooks" : [ ]
  }, {
    "majorSchemaVersion" : 3,
    "name" : "poapp-db-deployer",
    "type" : "com.sap.xs.hdi",
    "path" : "poapp-db-deployer",
    "properties" : {
      "EXIT" : 1
    },
    "parameters" : {
      "default-url" : "https://4813756dtrial-dev-poapp-db-deployer.cfapps.us10-001.hana.ondemand.com",
      "default-app-name" : "poapp-db-deployer",
      "generated-password" : "********",
      "default-live-url" : "https://4813756dtrial-dev-poapp-db-deployer.cfapps.us10-001.hana.ondemand.com",
      "default-uri" : "4813756dtrial-dev-poapp-db-deployer.cfapps.us10-001.hana.ondemand.com",
      "memory" : "256M",
      "default-instances" : 1,
      "no-route" : true,
      "default-live-host" : "4813756dtrial-dev-poapp-db-deployer",
      "instances" : 1,
      "buildpack" : "nodejs_buildpack",
      "default-host" : "4813756dtrial-dev-poapp-db-deployer",
      "app-name" : "poapp-db-deployer",
      "default-live-uri" : "4813756dtrial-dev-poapp-db-deployer.cfapps.us10-001.hana.ondemand.com",
      "protocol" : "https",
      "default-live-app-name" : "poapp-db-deployer",
      "default-live-domain" : "cfapps.us10-001.hana.ondemand.com",
      "dependency-type" : "hard",
      "domain" : "cfapps.us10-001.hana.ondemand.com",
      "host" : "4813756dtrial-dev-poapp-db-deployer",
      "generated-user" : "********",
      "tasks" : [ {
        "command" : "npm start",
        "memory" : "256M",
        "name" : "deploy"
      } ],
      "no-start" : true
    },
    "requiredDependencies" : [ {
      "majorSchemaVersion" : 3,
      "name" : "poapp-db",
      "properties" : { },
      "parameters" : { },
      "propertiesMetadata" : {
        "metadata" : { }
      },
      "parametersMetadata" : {
        "metadata" : { }
      }
    } ],
    "providedDependencies" : [ {
      "majorSchemaVersion" : 3,
      "name" : "poapp-db-deployer",
      "isPublic" : false,
      "properties" : { },
      "parameters" : { },
      "propertiesMetadata" : {
        "metadata" : { }
      },
      "parametersMetadata" : {
        "metadata" : { }
      }
    } ],
    "propertiesMetadata" : {
      "metadata" : { }
    },
    "parametersMetadata" : {
      "metadata" : { }
    },
    "hooks" : [ ]
  } ],
  "resources" : [ {
    "majorSchemaVersion" : 3,
    "name" : "********",
    "type" : "org.cloudfoundry.managed-service",
    "properties" : { },
    "parameters" : {
      "generated-password" : "********",
      "path" : "./xs-security.json",
      "service-name" : "********",
      "service-plan" : "application",
      "service" : "xsuaa",
      "generated-user" : "********",
      "default-xsappname" : "********",
      "type" : "managed-service",
      "config" : {
        "oauth2-configuration" : "********",
        "tenant-mode" : "dedicated",
        "xsappname" : "poapp-4813756dtrial-dev"
      },
      "default-service-name" : "********",
      "default-container-name" : "********"
    },
    "isActive" : true,
    "isOptional" : false,
    "propertiesMetadata" : {
      "metadata" : { }
    },
    "parametersMetadata" : {
      "metadata" : { }
    },
    "requiredDependencies" : [ ],
    "processedAfter" : [ ]
  }, {
    "majorSchemaVersion" : 3,
    "name" : "poapp-db",
    "type" : "com.sap.xs.hdi-container",
    "properties" : { },
    "parameters" : {
      "generated-password" : "********",
      "service-name" : "poapp-db",
      "service-plan" : "hdi-shared",
      "service" : "hana",
      "generated-user" : "********",
      "default-xsappname" : "poapp-db",
      "type" : "managed-service",
      "default-service-name" : "poapp-db",
      "default-container-name" : "4813756DTRIAL_DEV_POAPP_DB"
    },
    "isActive" : true,
    "isOptional" : false,
    "propertiesMetadata" : {
      "metadata" : { }
    },
    "parametersMetadata" : {
      "metadata" : { }
    },
    "requiredDependencies" : [ ],
    "processedAfter" : [ ]
  } ],
  "parameters" : {
    "mta-id" : "poapp",
    "authorization-url" : "********",
    "org-guid" : "7d4df221-b2af-48c0-b133-a5282b0f8bd8",
    "org" : "4813756dtrial",
    "deploy-target" : "4813756dtrial dev",
    "enable-parallel-deployments" : true,
    "region-primary-domain" : "us10.hana.ondemand.com",
    "space" : "dev",
    "region-domain" : "us10-001.hana.ondemand.com",
    "xs-api-url" : "https://api.cf.us10-001.hana.ondemand.com",
    "deploy-url" : "deploy-service.cfapps.us10-001.hana.ondemand.com",
    "xs-type" : "CF",
    "default-domain" : "cfapps.us10-001.hana.ondemand.com",
    "mta-version" : "1.0.0",
    "xs-auth-url" : "********",
    "space-guid" : "582d9646-098e-45fd-9876-46d4d4c5357f",
    "user" : "********",
    "controller-url" : "https://api.cf.us10-001.hana.ondemand.com",
    "timestamp" : "20260608191321"
  },
  "parametersMetadata" : {
    "metadata" : { }
  }
}#
#2026 06 08 19:13:37.942#Z#DEBUG#1d9878e4-636e-11f1-a12f-eeee0a99901e.OPERATION#flowable-async-job-executor-thread-10100#
[ProcessDescriptorStep] Merged descriptor properties and parameters resolved#
#2026 06 08 19:13:37.942#Z#DEBUG#1d9878e4-636e-11f1-a12f-eeee0a99901e.OPERATION#flowable-async-job-executor-thread-10100#
Step "Re-Process Descriptor Step" finished#
#2026 06 08 19:13:37.852#Z#DEBUG#1d9878e4-636e-11f1-a12f-eeee0a99901e.OPERATION#flowable-async-job-executor-thread-10099#
[CheckServiceBindingOperationStep] Executing task "checkForServiceBindingOperationInProgress" of process "270e0a95-636e-11f1-a12f-eeee0a99901e"...#
#2026 06 08 19:13:37.852#Z#DEBUG#1d9878e4-636e-11f1-a12f-eeee0a99901e.OPERATION#flowable-async-job-executor-thread-10099#
[CheckServiceBindingOperationStep] Checking for service binding operation in progress between app "poapp-srv" and service instance "poapp-db"#
#2026 06 08 19:13:37.853#Z#DEBUG#1d9878e4-636e-11f1-a12f-eeee0a99901e.OPERATION#flowable-async-job-executor-thread-10099#
[CheckServiceBindingOperationStep] Getting application guid "poapp-srv"...#
#2026 06 08 19:13:37.900#Z#DEBUG#1d9878e4-636e-11f1-a12f-eeee0a99901e.OPERATION#flowable-async-job-executor-thread-10099#
[CheckServiceBindingOperationStep] Getting GUID of required service instance "poapp-db"...#
#2026 06 08 19:13:37.939#Z#DEBUG#1d9878e4-636e-11f1-a12f-eeee0a99901e.OPERATION#flowable-async-job-executor-thread-10099#
[CheckServiceBindingOperationStep] Getting binding of service instance "56a4dc1a-b89d-46dc-9cf7-e1df3004b44c" with application "1d21af92-b55b-4693-9a57-684f3d32d5d6"...#
#2026 06 08 19:13:37.972#Z#DEBUG#1d9878e4-636e-11f1-a12f-eeee0a99901e.OPERATION#flowable-async-job-executor-thread-10099#
[CheckServiceBindingOperationStep] Service binding operation "e706bd4a-36ba-407a-a088-3d267d9265c3" with type "create" is in state "succeeded"#
#2026 06 08 19:13:37.972#Z#DEBUG#1d9878e4-636e-11f1-a12f-eeee0a99901e.OPERATION#flowable-async-job-executor-thread-10099#
Step "Check For Service Binding Operation In Progress" finished#
#2026 06 08 19:13:37.987#Z#DEBUG#1d9878e4-636e-11f1-a12f-eeee0a99901e.OPERATION#flowable-async-job-executor-thread-10101#
[BuildApplicationDeployModelStep] Executing task "buildApplicationDeployModelTask" of process "2711668d-636e-11f1-a12f-eeee0a99901e"...#
#2026 06 08 19:13:37.990#Z#DEBUG#1d9878e4-636e-11f1-a12f-eeee0a99901e.OPERATION#flowable-async-job-executor-thread-10101#
[BuildApplicationDeployModelStep] Building cloud deployment model for application "poapp-db-deployer"...#
#2026 06 08 19:13:37.997#Z#DEBUG#1d9878e4-636e-11f1-a12f-eeee0a99901e.OPERATION#flowable-async-job-executor-thread-10101#
[BuildApplicationDeployModelStep] No health-check-type is specified. Setting default type: port#
#2026 06 08 19:13:37.998#Z#INFO#1d9878e4-636e-11f1-a12f-eeee0a99901e.OPERATION#flowable-async-job-executor-thread-10101#
[BuildApplicationDeployModelStep] Building configuration entries for org 4813756dtrial, space dev, spaceId 582d9646-098e-45fd-9876-46d4d4c5357f and namespace null!#
#2026 06 08 19:13:37.999#Z#DEBUG#1d9878e4-636e-11f1-a12f-eeee0a99901e.OPERATION#flowable-async-job-executor-thread-10101#
[BuildApplicationDeployModelStep] Configuration entries to publish: [ ]#
#2026 06 08 19:13:37.999#Z#DEBUG#1d9878e4-636e-11f1-a12f-eeee0a99901e.OPERATION#flowable-async-job-executor-thread-10101#
[BuildApplicationDeployModelStep] Cloud deployment model for application built#
#2026 06 08 19:13:37.999#Z#DEBUG#1d9878e4-636e-11f1-a12f-eeee0a99901e.OPERATION#flowable-async-job-executor-thread-10101#
Step "Build Application Deploy Model" finished#
#2026 06 08 19:13:38.013#Z#DEBUG#1d9878e4-636e-11f1-a12f-eeee0a99901e.OPERATION#flowable-async-job-executor-thread-10102#
[DetermineApplicationServiceBindingActionsStep] Executing task "determineApplicationServiceBindingActionsTask" of process "270e0a95-636e-11f1-a12f-eeee0a99901e"...#
#2026 06 08 19:13:38.015#Z#DEBUG#1d9878e4-636e-11f1-a12f-eeee0a99901e.OPERATION#flowable-async-job-executor-thread-10102#
[DetermineApplicationServiceBindingActionsStep] Determine bind/unbind operations of application "poapp-srv" to service instance "poapp-db"#
#2026 06 08 19:13:38.015#Z#DEBUG#1d9878e4-636e-11f1-a12f-eeee0a99901e.OPERATION#flowable-async-job-executor-thread-10102#
[DetermineApplicationServiceBindingActionsStep] Getting application "poapp-srv"...#
#2026 06 08 19:13:38.059#Z#DEBUG#1d9878e4-636e-11f1-a12f-eeee0a99901e.OPERATION#flowable-async-job-executor-thread-10102#
[DetermineApplicationServiceBindingActionsStep] Binding parameters for application "poapp-srv": { }#
#2026 06 08 19:13:38.090#Z#DEBUG#1d9878e4-636e-11f1-a12f-eeee0a99901e.OPERATION#flowable-async-job-executor-thread-10102#
[DetermineApplicationServiceBindingActionsStep] Check should rebind application "poapp-srv" and service instance "poapp-db"#
#2026 06 08 19:13:38.090#Z#DEBUG#1d9878e4-636e-11f1-a12f-eeee0a99901e.OPERATION#flowable-async-job-executor-thread-10102#
[DetermineApplicationServiceBindingActionsStep] Getting GUID of required service instance "poapp-db"...#
#2026 06 08 19:13:38.137#Z#DEBUG#1d9878e4-636e-11f1-a12f-eeee0a99901e.OPERATION#flowable-async-job-executor-thread-10102#
[DetermineApplicationServiceBindingActionsStep] Getting binding of service instance "56a4dc1a-b89d-46dc-9cf7-e1df3004b44c" with application "1d21af92-b55b-4693-9a57-684f3d32d5d6"...#
#2026 06 08 19:13:38.179#Z#DEBUG#1d9878e4-636e-11f1-a12f-eeee0a99901e.OPERATION#flowable-async-job-executor-thread-10102#
[DetermineApplicationServiceBindingActionsStep] Getting parameters of service binding "e706bd4a-36ba-407a-a088-3d267d9265c3"...#
#2026 06 08 19:13:38.401#Z#INFO#1d9878e4-636e-11f1-a12f-eeee0a99901e.OPERATION#flowable-async-job-executor-thread-10102#
[DetermineApplicationServiceBindingActionsStep] Service instance "poapp-db" will not be rebound to application "poapp-srv" because the binding parameters are not modified#
#2026 06 08 19:13:38.422#Z#DEBUG#1d9878e4-636e-11f1-a12f-eeee0a99901e.OPERATION#flowable-async-job-executor-thread-10102#
[DetermineApplicationServiceBindingActionsStep] Calculated binding operations between application "poapp-srv" and service instance "poapp-db": unbind - false bind - false#
#2026 06 08 19:13:38.422#Z#DEBUG#1d9878e4-636e-11f1-a12f-eeee0a99901e.OPERATION#flowable-async-job-executor-thread-10102#
Step "Determine Application Service Binding Actions" finished#
#2026 06 08 19:13:38.053#Z#DEBUG#1d9878e4-636e-11f1-a12f-eeee0a99901e.OPERATION#flowable-async-job-executor-thread-10103#
[CreateOrUpdateAppStep] Executing task "createAppTask" of process "2711668d-636e-11f1-a12f-eeee0a99901e"...#
#2026 06 08 19:13:38.056#Z#DEBUG#1d9878e4-636e-11f1-a12f-eeee0a99901e.OPERATION#flowable-async-job-executor-thread-10103#
[CreateOrUpdateAppStep] Getting application "poapp-db-deployer"...#
#2026 06 08 19:13:38.105#Z#INFO#1d9878e4-636e-11f1-a12f-eeee0a99901e.OPERATION#flowable-async-job-executor-thread-10103#
[CreateOrUpdateAppStep] Updating application "poapp-db-deployer"...#
#2026 06 08 19:13:38.115#Z#DEBUG#1d9878e4-636e-11f1-a12f-eeee0a99901e.OPERATION#flowable-async-job-executor-thread-10103#
[CreateOrUpdateAppStep] Getting process for application "209896b1-aaf1-45ff-a8e2-2fcba22e0536"...#
#2026 06 08 19:13:38.155#Z#DEBUG#1d9878e4-636e-11f1-a12f-eeee0a99901e.OPERATION#flowable-async-job-executor-thread-10103#
[CreateOrUpdateAppStep] Getting routes for application "209896b1-aaf1-45ff-a8e2-2fcba22e0536"...#
#2026 06 08 19:13:38.185#Z#DEBUG#1d9878e4-636e-11f1-a12f-eeee0a99901e.OPERATION#flowable-async-job-executor-thread-10103#
[CreateOrUpdateAppStep] Getting features for application "209896b1-aaf1-45ff-a8e2-2fcba22e0536"#
#2026 06 08 19:13:38.211#Z#DEBUG#1d9878e4-636e-11f1-a12f-eeee0a99901e.OPERATION#flowable-async-job-executor-thread-10103#
[CreateOrUpdateAppStep] Updating staging of application "poapp-db-deployer" to: {
  "buildpacks" : [ "nodejs_buildpack" ],
  "healthCheckType" : "port",
  "appFeatures" : { }
}#
#2026 06 08 19:13:38.439#Z#DEBUG#1d9878e4-636e-11f1-a12f-eeee0a99901e.OPERATION#flowable-async-job-executor-thread-10103#
[CreateOrUpdateAppStep] Application "poapp-db-deployer" updated#
#2026 06 08 19:13:38.439#Z#DEBUG#1d9878e4-636e-11f1-a12f-eeee0a99901e.OPERATION#flowable-async-job-executor-thread-10103#
[CreateOrUpdateAppStep] Getting environment of application "209896b1-aaf1-45ff-a8e2-2fcba22e0536"...#
#2026 06 08 19:13:38.522#Z#DEBUG#1d9878e4-636e-11f1-a12f-eeee0a99901e.OPERATION#flowable-async-job-executor-thread-10103#
[CreateOrUpdateAppStep] Application "poapp-db-deployer" updated#
#2026 06 08 19:13:38.522#Z#DEBUG#1d9878e4-636e-11f1-a12f-eeee0a99901e.OPERATION#flowable-async-job-executor-thread-10103#
Step "Create App" finished#
#2026 06 08 19:13:38.741#Z#DEBUG#1d9878e4-636e-11f1-a12f-eeee0a99901e.OPERATION#flowable-async-job-executor-thread-10103#
[CheckServiceBindingOperationStep] Executing task "checkForServiceBindingOperationInProgress" of process "27940375-636e-11f1-a12f-eeee0a99901e"...#
#2026 06 08 19:13:38.741#Z#DEBUG#1d9878e4-636e-11f1-a12f-eeee0a99901e.OPERATION#flowable-async-job-executor-thread-10103#
[CheckServiceBindingOperationStep] Checking for service binding operation in progress between app "poapp-db-deployer" and service instance "poapp-db"#
#2026 06 08 19:13:38.742#Z#DEBUG#1d9878e4-636e-11f1-a12f-eeee0a99901e.OPERATION#flowable-async-job-executor-thread-10103#
[CheckServiceBindingOperationStep] Getting application guid "poapp-db-deployer"...#
#2026 06 08 19:13:38.787#Z#DEBUG#1d9878e4-636e-11f1-a12f-eeee0a99901e.OPERATION#flowable-async-job-executor-thread-10103#
[CheckServiceBindingOperationStep] Getting GUID of required service instance "poapp-db"...#
#2026 06 08 19:13:38.825#Z#DEBUG#1d9878e4-636e-11f1-a12f-eeee0a99901e.OPERATION#flowable-async-job-executor-thread-10103#
[CheckServiceBindingOperationStep] Getting binding of service instance "56a4dc1a-b89d-46dc-9cf7-e1df3004b44c" with application "209896b1-aaf1-45ff-a8e2-2fcba22e0536"...#
#2026 06 08 19:13:38.857#Z#DEBUG#1d9878e4-636e-11f1-a12f-eeee0a99901e.OPERATION#flowable-async-job-executor-thread-10103#
[CheckServiceBindingOperationStep] Service binding operation "ce5a53bd-5d89-4e9e-a5c4-b2bc269b5072" with type "create" is in state "succeeded"#
#2026 06 08 19:13:38.857#Z#DEBUG#1d9878e4-636e-11f1-a12f-eeee0a99901e.OPERATION#flowable-async-job-executor-thread-10103#
Step "Check For Service Binding Operation In Progress" finished#
#2026 06 08 19:13:38.901#Z#DEBUG#1d9878e4-636e-11f1-a12f-eeee0a99901e.OPERATION#flowable-async-job-executor-thread-10103#
[DetermineApplicationServiceBindingActionsStep] Executing task "determineApplicationServiceBindingActionsTask" of process "27940375-636e-11f1-a12f-eeee0a99901e"...#
#2026 06 08 19:13:38.904#Z#DEBUG#1d9878e4-636e-11f1-a12f-eeee0a99901e.OPERATION#flowable-async-job-executor-thread-10103#
[DetermineApplicationServiceBindingActionsStep] Determine bind/unbind operations of application "poapp-db-deployer" to service instance "poapp-db"#
#2026 06 08 19:13:38.904#Z#DEBUG#1d9878e4-636e-11f1-a12f-eeee0a99901e.OPERATION#flowable-async-job-executor-thread-10103#
[DetermineApplicationServiceBindingActionsStep] Getting application "poapp-db-deployer"...#
#2026 06 08 19:13:38.944#Z#DEBUG#1d9878e4-636e-11f1-a12f-eeee0a99901e.OPERATION#flowable-async-job-executor-thread-10103#
[DetermineApplicationServiceBindingActionsStep] Binding parameters for application "poapp-db-deployer": { }#
#2026 06 08 19:13:38.977#Z#DEBUG#1d9878e4-636e-11f1-a12f-eeee0a99901e.OPERATION#flowable-async-job-executor-thread-10103#
[DetermineApplicationServiceBindingActionsStep] Check should rebind application "poapp-db-deployer" and service instance "poapp-db"#
#2026 06 08 19:13:38.977#Z#DEBUG#1d9878e4-636e-11f1-a12f-eeee0a99901e.OPERATION#flowable-async-job-executor-thread-10103#
[DetermineApplicationServiceBindingActionsStep] Getting GUID of required service instance "poapp-db"...#
#2026 06 08 19:13:39.006#Z#DEBUG#1d9878e4-636e-11f1-a12f-eeee0a99901e.OPERATION#flowable-async-job-executor-thread-10103#
[DetermineApplicationServiceBindingActionsStep] Getting binding of service instance "56a4dc1a-b89d-46dc-9cf7-e1df3004b44c" with application "209896b1-aaf1-45ff-a8e2-2fcba22e0536"...#
#2026 06 08 19:13:39.036#Z#DEBUG#1d9878e4-636e-11f1-a12f-eeee0a99901e.OPERATION#flowable-async-job-executor-thread-10103#
[DetermineApplicationServiceBindingActionsStep] Getting parameters of service binding "ce5a53bd-5d89-4e9e-a5c4-b2bc269b5072"...#
#2026 06 08 19:13:39.231#Z#INFO#1d9878e4-636e-11f1-a12f-eeee0a99901e.OPERATION#flowable-async-job-executor-thread-10103#
[DetermineApplicationServiceBindingActionsStep] Service instance "poapp-db" will not be rebound to application "poapp-db-deployer" because the binding parameters are not modified#
#2026 06 08 19:13:39.240#Z#DEBUG#1d9878e4-636e-11f1-a12f-eeee0a99901e.OPERATION#flowable-async-job-executor-thread-10103#
[DetermineApplicationServiceBindingActionsStep] Calculated binding operations between application "poapp-db-deployer" and service instance "poapp-db": unbind - false bind - false#
#2026 06 08 19:13:39.240#Z#DEBUG#1d9878e4-636e-11f1-a12f-eeee0a99901e.OPERATION#flowable-async-job-executor-thread-10103#
Step "Determine Application Service Binding Actions" finished#
#2026 06 08 19:13:39.416#Z#DEBUG#1d9878e4-636e-11f1-a12f-eeee0a99901e.OPERATION#flowable-async-job-executor-thread-10103#
[DetermineVcapServicesPropertiesChangedStep] Executing task "determineVcapServicesPropertiesChangedTask" of process "27fadbe7-636e-11f1-a12f-eeee0a99901e"...#
#2026 06 08 19:13:39.418#Z#DEBUG#1d9878e4-636e-11f1-a12f-eeee0a99901e.OPERATION#flowable-async-job-executor-thread-10103#
[DetermineVcapServicesPropertiesChangedStep] VCAP_SERVICES properties for application "poapp-db-deployer" changed: false#
#2026 06 08 19:13:39.418#Z#DEBUG#1d9878e4-636e-11f1-a12f-eeee0a99901e.OPERATION#flowable-async-job-executor-thread-10103#
Step "Determine vcap services properties changed" finished#
#2026 06 08 19:13:39.518#Z#DEBUG#1d9878e4-636e-11f1-a12f-eeee0a99901e.OPERATION#flowable-async-job-executor-thread-10103#
[UploadAppStep] Executing task "uploadAppTask" of process "27fadbe7-636e-11f1-a12f-eeee0a99901e"...#
#2026 06 08 19:13:39.520#Z#DEBUG#1d9878e4-636e-11f1-a12f-eeee0a99901e.OPERATION#flowable-async-job-executor-thread-10103#
[UploadAppStep] Application upload timeout is default one: 3,600 seconds#
#2026 06 08 19:13:39.520#Z#INFO#1d9878e4-636e-11f1-a12f-eeee0a99901e.OPERATION#flowable-async-job-executor-thread-10103#
[UploadAppStep] Uploading application "poapp-db-deployer"...#
#2026 06 08 19:13:39.527#Z#DEBUG#1d9878e4-636e-11f1-a12f-eeee0a99901e.OPERATION#flowable-async-job-executor-thread-10103#
[UploadAppStep] Getting application "poapp-db-deployer"...#
#2026 06 08 19:13:39.570#Z#DEBUG#1d9878e4-636e-11f1-a12f-eeee0a99901e.OPERATION#flowable-async-job-executor-thread-10103#
[UploadAppStep] Getting environment of application "209896b1-aaf1-45ff-a8e2-2fcba22e0536"...#
#2026 06 08 19:13:39.597#Z#INFO#1d9878e4-636e-11f1-a12f-eeee0a99901e.OPERATION#flowable-async-job-executor-thread-10103#
[UploadAppStep] Calculating application digest: "poapp-db-deployer"#
#2026 06 08 19:13:39.746#Z#DEBUG#1d9878e4-636e-11f1-a12f-eeee0a99901e.OPERATION#flowable-async-job-executor-thread-10103#
[UploadAppStep] Getting packages for application: "209896b1-aaf1-45ff-a8e2-2fcba22e0536"#
#2026 06 08 19:13:39.796#Z#DEBUG#1d9878e4-636e-11f1-a12f-eeee0a99901e.OPERATION#flowable-async-job-executor-thread-10103#
[UploadAppStep] Getting the current droplet for application: "209896b1-aaf1-45ff-a8e2-2fcba22e0536"#
#2026 06 08 19:13:39.823#Z#DEBUG#1d9878e4-636e-11f1-a12f-eeee0a99901e.OPERATION#flowable-async-job-executor-thread-10103#
[UploadAppStep] Getting package by id: "d7f8a461-8237-4578-af7a-68d73a566d7c"#
#2026 06 08 19:13:39.855#Z#DEBUG#1d9878e4-636e-11f1-a12f-eeee0a99901e.OPERATION#flowable-async-job-executor-thread-10103#
[UploadAppStep] Getting builds for application "209896b1-aaf1-45ff-a8e2-2fcba22e0536"...#
#2026 06 08 19:13:39.946#Z#DEBUG#1d9878e4-636e-11f1-a12f-eeee0a99901e.OPERATION#flowable-async-job-executor-thread-10103#
[UploadAppStep] Getting the current droplet for application: "209896b1-aaf1-45ff-a8e2-2fcba22e0536"#
#2026 06 08 19:13:39.979#Z#INFO#1d9878e4-636e-11f1-a12f-eeee0a99901e.OPERATION#flowable-async-job-executor-thread-10103#
[UploadAppStep] Content of application "poapp-db-deployer" is not changed - upload will be skipped.#
#2026 06 08 19:13:39.987#Z#DEBUG#1d9878e4-636e-11f1-a12f-eeee0a99901e.OPERATION#flowable-async-job-executor-thread-10103#
Step "Upload App" finished#
#2026 06 08 19:13:40.038#Z#DEBUG#1d9878e4-636e-11f1-a12f-eeee0a99901e.OPERATION#flowable-async-job-executor-thread-10103#
[ScaleAppStep] Executing task "scaleAppTask" of process "27fadbe7-636e-11f1-a12f-eeee0a99901e"...#
#2026 06 08 19:13:40.041#Z#DEBUG#1d9878e4-636e-11f1-a12f-eeee0a99901e.OPERATION#flowable-async-job-executor-thread-10103#
[ScaleAppStep] Scaling application "poapp-db-deployer"...#
#2026 06 08 19:13:40.041#Z#DEBUG#1d9878e4-636e-11f1-a12f-eeee0a99901e.OPERATION#flowable-async-job-executor-thread-10103#
[ScaleAppStep] Getting application guid "poapp-db-deployer"...#
#2026 06 08 19:13:40.107#Z#DEBUG#1d9878e4-636e-11f1-a12f-eeee0a99901e.OPERATION#flowable-async-job-executor-thread-10103#
[ScaleAppStep] Getting process for application "209896b1-aaf1-45ff-a8e2-2fcba22e0536"...#
#2026 06 08 19:13:40.154#Z#DEBUG#1d9878e4-636e-11f1-a12f-eeee0a99901e.OPERATION#flowable-async-job-executor-thread-10103#
[ScaleAppStep] Application "poapp-db-deployer" scaled#
#2026 06 08 19:13:40.154#Z#DEBUG#1d9878e4-636e-11f1-a12f-eeee0a99901e.OPERATION#flowable-async-job-executor-thread-10103#
Step "Scale App" finished#
#2026 06 08 19:13:40.193#Z#DEBUG#1d9878e4-636e-11f1-a12f-eeee0a99901e.OPERATION#flowable-async-job-executor-thread-10103#
[DetermineDesiredStateAchievingActionsStep] Executing task "determineDesiredStateAchievingActionsTask" of process "27fadbe7-636e-11f1-a12f-eeee0a99901e"...#
#2026 06 08 19:13:40.195#Z#DEBUG#1d9878e4-636e-11f1-a12f-eeee0a99901e.OPERATION#flowable-async-job-executor-thread-10103#
[DetermineDesiredStateAchievingActionsStep] Getting application "poapp-db-deployer"...#
#2026 06 08 19:13:40.241#Z#DEBUG#1d9878e4-636e-11f1-a12f-eeee0a99901e.OPERATION#flowable-async-job-executor-thread-10103#
[DetermineDesiredStateAchievingActionsStep] Getting instances for application "poapp-db-deployer"...#
#2026 06 08 19:13:40.241#Z#DEBUG#1d9878e4-636e-11f1-a12f-eeee0a99901e.OPERATION#flowable-async-job-executor-thread-10103#
[DetermineDesiredStateAchievingActionsStep] Getting environment of application "209896b1-aaf1-45ff-a8e2-2fcba22e0536"...#
#2026 06 08 19:13:40.273#Z#DEBUG#1d9878e4-636e-11f1-a12f-eeee0a99901e.OPERATION#flowable-async-job-executor-thread-10103#
[DetermineDesiredStateAchievingActionsStep] Current state of application poapp-db-deployer: STOPPED#
#2026 06 08 19:13:40.273#Z#DEBUG#1d9878e4-636e-11f1-a12f-eeee0a99901e.OPERATION#flowable-async-job-executor-thread-10103#
[DetermineDesiredStateAchievingActionsStep] Desired state of application poapp-db-deployer: STOPPED#
#2026 06 08 19:13:40.273#Z#DEBUG#1d9878e4-636e-11f1-a12f-eeee0a99901e.OPERATION#flowable-async-job-executor-thread-10103#
[DetermineDesiredStateAchievingActionsStep] Actions that should be executed on application poapp-db-deployer: [STAGE]#
#2026 06 08 19:13:40.273#Z#DEBUG#1d9878e4-636e-11f1-a12f-eeee0a99901e.OPERATION#flowable-async-job-executor-thread-10103#
Step "Determine Desired State Achieving Actions" finished#
#2026 06 08 19:13:40.321#Z#DEBUG#1d9878e4-636e-11f1-a12f-eeee0a99901e.OPERATION#flowable-async-job-executor-thread-10103#
[StageAppStep] Executing task "stageAppTask" of process "27fadbe7-636e-11f1-a12f-eeee0a99901e"...#
#2026 06 08 19:13:40.322#Z#DEBUG#1d9878e4-636e-11f1-a12f-eeee0a99901e.OPERATION#flowable-async-job-executor-thread-10103#
[StageAppStep] Application stage timeout is default one: 3,600 seconds#
#2026 06 08 19:13:40.325#Z#DEBUG#1d9878e4-636e-11f1-a12f-eeee0a99901e.OPERATION#flowable-async-job-executor-thread-10103#
Step "Stage App" finished#
#2026 06 08 19:13:40.435#Z#DEBUG#1d9878e4-636e-11f1-a12f-eeee0a99901e.OPERATION#flowable-async-job-executor-thread-10103#
[PrepareToExecuteTasksStep] Executing task "prepareToExecuteTasksTask" of process "2898f11d-636e-11f1-a12f-eeee0a99901e"...#
#2026 06 08 19:13:40.437#Z#DEBUG#1d9878e4-636e-11f1-a12f-eeee0a99901e.OPERATION#flowable-async-job-executor-thread-10103#
Step "Prepare To Execute Tasks" finished#
#2026 06 08 19:13:40.476#Z#DEBUG#1d9878e4-636e-11f1-a12f-eeee0a99901e.OPERATION#flowable-async-job-executor-thread-10103#
[ExecuteTaskStep] Executing task "executeTaskTask" of process "2898f11d-636e-11f1-a12f-eeee0a99901e"...#
#2026 06 08 19:13:40.478#Z#DEBUG#1d9878e4-636e-11f1-a12f-eeee0a99901e.OPERATION#flowable-async-job-executor-thread-10103#
[ExecuteTaskStep] Application task execution timeout is default one: 43,200 seconds#
#2026 06 08 19:13:40.480#Z#INFO#1d9878e4-636e-11f1-a12f-eeee0a99901e.OPERATION#flowable-async-job-executor-thread-10103#
[ExecuteTaskStep] Executing task "deploy" on application "poapp-db-deployer"...#
#2026 06 08 19:13:40.487#Z#DEBUG#1d9878e4-636e-11f1-a12f-eeee0a99901e.OPERATION#flowable-async-job-executor-thread-10103#
[ExecuteTaskStep] Running task on application "poapp-db-deployer": {
  "name" : "deploy",
  "command" : "npm start",
  "limits" : {
    "memory" : 256
  }
}#
#2026 06 08 19:13:40.758#Z#DEBUG#1d9878e4-636e-11f1-a12f-eeee0a99901e.OPERATION#flowable-async-job-executor-thread-10103#
Step "Execute Task" finished#
#2026 06 08 19:13:44.237#Z#DEBUG#1d9878e4-636e-11f1-a12f-eeee0a99901e.OPERATION#flowable-async-job-executor-thread-13115#
[UnbindServiceFromApplicationStep] Executing task "unbindServiceFromApplicationTask" of process "25af17b4-636e-11f1-9a00-eeee0a8640b0"...#
#2026 06 08 19:13:44.241#Z#DEBUG#1d9878e4-636e-11f1-a12f-eeee0a99901e.OPERATION#flowable-async-job-executor-thread-13115#
[UnbindServiceFromApplicationStep] Getting async job "f3f18f67-5a5a-4ab6-862e-03482e673ab5"#
#2026 06 08 19:13:44.270#Z#DEBUG#1d9878e4-636e-11f1-a12f-eeee0a99901e.OPERATION#flowable-async-job-executor-thread-13115#
[UnbindServiceFromApplicationStep] Getting service instance "poapp-auth"...#
#2026 06 08 19:13:44.289#Z#DEBUG#1d9878e4-636e-11f1-a12f-eeee0a99901e.OPERATION#flowable-async-job-executor-thread-13114#
[UnbindServiceFromApplicationStep] Executing task "unbindServiceFromApplicationTask" of process "25f065c2-636e-11f1-9a00-eeee0a8640b0"...#
#2026 06 08 19:13:44.291#Z#DEBUG#1d9878e4-636e-11f1-a12f-eeee0a99901e.OPERATION#flowable-async-job-executor-thread-13114#
[UnbindServiceFromApplicationStep] Getting async job "f827e095-1e9e-4655-86b0-4b9d5838eb56"#
#2026 06 08 19:13:44.319#Z#DEBUG#1d9878e4-636e-11f1-a12f-eeee0a99901e.OPERATION#flowable-async-job-executor-thread-13114#
[UnbindServiceFromApplicationStep] Getting service instance "poapp-auth"...#
#2026 06 08 19:13:44.414#Z#DEBUG#1d9878e4-636e-11f1-a12f-eeee0a99901e.OPERATION#flowable-async-job-executor-thread-13115#
[UnbindServiceFromApplicationStep] Async service binding operation with id "f3f18f67-5a5a-4ab6-862e-03482e673ab5" finished#
#2026 06 08 19:13:44.417#Z#DEBUG#1d9878e4-636e-11f1-a12f-eeee0a99901e.OPERATION#flowable-async-job-executor-thread-13115#
Step "Unbind Service from Application" finished#
#2026 06 08 19:13:44.458#Z#DEBUG#1d9878e4-636e-11f1-a12f-eeee0a99901e.OPERATION#flowable-async-job-executor-thread-13114#
[UnbindServiceFromApplicationStep] Async service binding operation with id "f827e095-1e9e-4655-86b0-4b9d5838eb56" finished#
#2026 06 08 19:13:44.471#Z#DEBUG#1d9878e4-636e-11f1-a12f-eeee0a99901e.OPERATION#flowable-async-job-executor-thread-13114#
Step "Unbind Service from Application" finished#
#2026 06 08 19:13:44.531#Z#DEBUG#1d9878e4-636e-11f1-a12f-eeee0a99901e.OPERATION#flowable-async-job-executor-thread-13115#
[BindServiceToApplicationStep] Executing task "bindServiceToApplicationTask" of process "25af17b4-636e-11f1-9a00-eeee0a8640b0"...#
#2026 06 08 19:13:44.541#Z#INFO#1d9878e4-636e-11f1-a12f-eeee0a99901e.OPERATION#flowable-async-job-executor-thread-13115#
[BindServiceToApplicationStep] Binding service instance "poapp-auth" to application "poapp-srv"...#
#2026 06 08 19:13:44.576#Z#DEBUG#1d9878e4-636e-11f1-a12f-eeee0a99901e.OPERATION#flowable-async-job-executor-thread-13115#
[BindServiceToApplicationStep] Binding service instance "poapp-auth" to application "poapp-srv" with parameters: { }#
#2026 06 08 19:13:44.735#Z#DEBUG#1d9878e4-636e-11f1-a12f-eeee0a99901e.OPERATION#flowable-async-job-executor-thread-13114#
[BindServiceToApplicationStep] Executing task "bindServiceToApplicationTask" of process "25f065c2-636e-11f1-9a00-eeee0a8640b0"...#
#2026 06 08 19:13:44.764#Z#INFO#1d9878e4-636e-11f1-a12f-eeee0a99901e.OPERATION#flowable-async-job-executor-thread-13114#
[BindServiceToApplicationStep] Binding service instance "poapp-auth" to application "poapp-ui"...#
#2026 06 08 19:13:44.796#Z#DEBUG#1d9878e4-636e-11f1-a12f-eeee0a99901e.OPERATION#flowable-async-job-executor-thread-13115#
Step "Bind Service to Application" finished#
#2026 06 08 19:13:44.839#Z#DEBUG#1d9878e4-636e-11f1-a12f-eeee0a99901e.OPERATION#flowable-async-job-executor-thread-13114#
[BindServiceToApplicationStep] Binding service instance "poapp-auth" to application "poapp-ui" with parameters: { }#
#2026 06 08 19:13:45.069#Z#DEBUG#1d9878e4-636e-11f1-a12f-eeee0a99901e.OPERATION#flowable-async-job-executor-thread-13114#
Step "Bind Service to Application" finished#
#2026 06 08 19:13:54.336#Z#DEBUG#1d9878e4-636e-11f1-a12f-eeee0a99901e.OPERATION#flowable-async-job-executor-thread-12537#
[ExecuteTaskStep] Executing task "executeTaskTask" of process "2898f11d-636e-11f1-a12f-eeee0a99901e"...#
#2026 06 08 19:13:54.337#Z#DEBUG#1d9878e4-636e-11f1-a12f-eeee0a99901e.OPERATION#flowable-async-job-executor-thread-12537#
[ExecuteTaskStep] Application task execution timeout is default one: 43,200 seconds#
#2026 06 08 19:13:54.340#Z#DEBUG#1d9878e4-636e-11f1-a12f-eeee0a99901e.OPERATION#flowable-async-job-executor-thread-12537#
[ExecuteTaskStep] Getting task "57f9347c-f0ad-4981-b889-64a319477d2b"...#
#2026 06 08 19:13:54.376#Z#DEBUG#1d9878e4-636e-11f1-a12f-eeee0a99901e.OPERATION#flowable-async-job-executor-thread-12537#
[ExecuteTaskStep] Task execution status: running#
#2026 06 08 19:13:54.378#Z#DEBUG#1d9878e4-636e-11f1-a12f-eeee0a99901e.OPERATION#flowable-async-job-executor-thread-12537#
[ExecuteTaskStep] Getting application guid "poapp-db-deployer"...#
#2026 06 08 19:13:54.485#Z#DEBUG#1d9878e4-636e-11f1-a12f-eeee0a99901e.OPERATION#flowable-async-job-executor-thread-12537#
Step "Execute Task" finished#
#2026 06 08 19:13:54.350#Z#DEBUG#1d9878e4-636e-11f1-a12f-eeee0a99901e.OPERATION#flowable-async-job-executor-thread-13121#
[BindServiceToApplicationStep] Executing task "bindServiceToApplicationTask" of process "25f065c2-636e-11f1-9a00-eeee0a8640b0"...#
#2026 06 08 19:13:54.352#Z#DEBUG#1d9878e4-636e-11f1-a12f-eeee0a99901e.OPERATION#flowable-async-job-executor-thread-13121#
[BindServiceToApplicationStep] Getting async job "bb3b498e-976a-46e4-877c-0c0114eee376"#
#2026 06 08 19:13:54.372#Z#DEBUG#1d9878e4-636e-11f1-a12f-eeee0a99901e.OPERATION#flowable-async-job-executor-thread-13123#
[BindServiceToApplicationStep] Executing task "bindServiceToApplicationTask" of process "25af17b4-636e-11f1-9a00-eeee0a8640b0"...#
#2026 06 08 19:13:54.374#Z#DEBUG#1d9878e4-636e-11f1-a12f-eeee0a99901e.OPERATION#flowable-async-job-executor-thread-13123#
[BindServiceToApplicationStep] Getting async job "a6652700-34da-45f3-bbcc-0e91a771d014"#
#2026 06 08 19:13:54.375#Z#DEBUG#1d9878e4-636e-11f1-a12f-eeee0a99901e.OPERATION#flowable-async-job-executor-thread-13121#
[BindServiceToApplicationStep] Getting service instance "poapp-auth"...#
#2026 06 08 19:13:54.415#Z#DEBUG#1d9878e4-636e-11f1-a12f-eeee0a99901e.OPERATION#flowable-async-job-executor-thread-13123#
[BindServiceToApplicationStep] Getting service instance "poapp-auth"...#
#2026 06 08 19:13:54.548#Z#DEBUG#1d9878e4-636e-11f1-a12f-eeee0a99901e.OPERATION#flowable-async-job-executor-thread-13121#
[BindServiceToApplicationStep] Async service binding operation with id "bb3b498e-976a-46e4-877c-0c0114eee376" finished#
#2026 06 08 19:13:54.550#Z#DEBUG#1d9878e4-636e-11f1-a12f-eeee0a99901e.OPERATION#flowable-async-job-executor-thread-13121#
Step "Bind Service to Application" finished#
#2026 06 08 19:13:54.557#Z#DEBUG#1d9878e4-636e-11f1-a12f-eeee0a99901e.OPERATION#flowable-async-job-executor-thread-13123#
[BindServiceToApplicationStep] Async service binding operation with id "a6652700-34da-45f3-bbcc-0e91a771d014" finished#
#2026 06 08 19:13:54.558#Z#DEBUG#1d9878e4-636e-11f1-a12f-eeee0a99901e.OPERATION#flowable-async-job-executor-thread-13123#
Step "Bind Service to Application" finished#
#2026 06 08 19:13:54.677#Z#DEBUG#1d9878e4-636e-11f1-a12f-eeee0a99901e.OPERATION#flowable-async-job-executor-thread-13124#
[DetermineVcapServicesPropertiesChangedStep] Executing task "determineVcapServicesPropertiesChangedTask" of process "3115a408-636e-11f1-9c31-eeee0a993047"...#
#2026 06 08 19:13:54.679#Z#DEBUG#1d9878e4-636e-11f1-a12f-eeee0a99901e.OPERATION#flowable-async-job-executor-thread-13124#
[DetermineVcapServicesPropertiesChangedStep] VCAP_SERVICES properties for application "poapp-ui" changed: true#
#2026 06 08 19:13:54.679#Z#DEBUG#1d9878e4-636e-11f1-a12f-eeee0a99901e.OPERATION#flowable-async-job-executor-thread-13124#
Step "Determine vcap services properties changed" finished#
#2026 06 08 19:13:54.705#Z#DEBUG#1d9878e4-636e-11f1-a12f-eeee0a99901e.OPERATION#flowable-async-job-executor-thread-13125#
[DetermineVcapServicesPropertiesChangedStep] Executing task "determineVcapServicesPropertiesChangedTask" of process "31183c1c-636e-11f1-9c31-eeee0a993047"...#
#2026 06 08 19:13:54.707#Z#DEBUG#1d9878e4-636e-11f1-a12f-eeee0a99901e.OPERATION#flowable-async-job-executor-thread-13125#
[DetermineVcapServicesPropertiesChangedStep] VCAP_SERVICES properties for application "poapp-srv" changed: true#
#2026 06 08 19:13:54.707#Z#DEBUG#1d9878e4-636e-11f1-a12f-eeee0a99901e.OPERATION#flowable-async-job-executor-thread-13125#
Step "Determine vcap services properties changed" finished#
#2026 06 08 19:13:54.717#Z#DEBUG#1d9878e4-636e-11f1-a12f-eeee0a99901e.OPERATION#flowable-async-job-executor-thread-13120#
[UploadAppStep] Executing task "uploadAppTask" of process "3115a408-636e-11f1-9c31-eeee0a993047"...#
#2026 06 08 19:13:54.718#Z#DEBUG#1d9878e4-636e-11f1-a12f-eeee0a99901e.OPERATION#flowable-async-job-executor-thread-13120#
[UploadAppStep] Application upload timeout is default one: 3,600 seconds#
#2026 06 08 19:13:54.718#Z#INFO#1d9878e4-636e-11f1-a12f-eeee0a99901e.OPERATION#flowable-async-job-executor-thread-13120#
[UploadAppStep] Uploading application "poapp-ui"...#
#2026 06 08 19:13:54.725#Z#DEBUG#1d9878e4-636e-11f1-a12f-eeee0a99901e.OPERATION#flowable-async-job-executor-thread-13120#
[UploadAppStep] Getting application "poapp-ui"...#
#2026 06 08 19:13:54.746#Z#DEBUG#1d9878e4-636e-11f1-a12f-eeee0a99901e.OPERATION#flowable-async-job-executor-thread-13125#
[UploadAppStep] Executing task "uploadAppTask" of process "31183c1c-636e-11f1-9c31-eeee0a993047"...#
#2026 06 08 19:13:54.747#Z#DEBUG#1d9878e4-636e-11f1-a12f-eeee0a99901e.OPERATION#flowable-async-job-executor-thread-13125#
[UploadAppStep] Application upload timeout is default one: 3,600 seconds#
#2026 06 08 19:13:54.747#Z#INFO#1d9878e4-636e-11f1-a12f-eeee0a99901e.OPERATION#flowable-async-job-executor-thread-13125#
[UploadAppStep] Uploading application "poapp-srv"...#
#2026 06 08 19:13:54.753#Z#DEBUG#1d9878e4-636e-11f1-a12f-eeee0a99901e.OPERATION#flowable-async-job-executor-thread-13125#
[UploadAppStep] Getting application "poapp-srv"...#
#2026 06 08 19:13:54.766#Z#DEBUG#1d9878e4-636e-11f1-a12f-eeee0a99901e.OPERATION#flowable-async-job-executor-thread-13120#
[UploadAppStep] Getting environment of application "09bdb4e9-89a8-44d2-b0f2-2b6ea4138a0c"...#
#2026 06 08 19:13:54.798#Z#INFO#1d9878e4-636e-11f1-a12f-eeee0a99901e.OPERATION#flowable-async-job-executor-thread-13120#
[UploadAppStep] Calculating application digest: "poapp-ui"#
#2026 06 08 19:13:54.801#Z#DEBUG#1d9878e4-636e-11f1-a12f-eeee0a99901e.OPERATION#flowable-async-job-executor-thread-13125#
[UploadAppStep] Getting environment of application "1d21af92-b55b-4693-9a57-684f3d32d5d6"...#
#2026 06 08 19:13:54.830#Z#INFO#1d9878e4-636e-11f1-a12f-eeee0a99901e.OPERATION#flowable-async-job-executor-thread-13125#
[UploadAppStep] Calculating application digest: "poapp-srv"#
#2026 06 08 19:13:55.079#Z#DEBUG#1d9878e4-636e-11f1-a12f-eeee0a99901e.OPERATION#flowable-async-job-executor-thread-13125#
[UploadAppStep] Getting packages for application: "1d21af92-b55b-4693-9a57-684f3d32d5d6"#
#2026 06 08 19:13:55.125#Z#DEBUG#1d9878e4-636e-11f1-a12f-eeee0a99901e.OPERATION#flowable-async-job-executor-thread-13120#
[UploadAppStep] Getting packages for application: "09bdb4e9-89a8-44d2-b0f2-2b6ea4138a0c"#
#2026 06 08 19:13:55.139#Z#DEBUG#1d9878e4-636e-11f1-a12f-eeee0a99901e.OPERATION#flowable-async-job-executor-thread-13125#
[UploadAppStep] Getting the current droplet for application: "1d21af92-b55b-4693-9a57-684f3d32d5d6"#
#2026 06 08 19:13:55.164#Z#DEBUG#1d9878e4-636e-11f1-a12f-eeee0a99901e.OPERATION#flowable-async-job-executor-thread-13120#
[UploadAppStep] Getting the current droplet for application: "09bdb4e9-89a8-44d2-b0f2-2b6ea4138a0c"#
#2026 06 08 19:13:55.177#Z#DEBUG#1d9878e4-636e-11f1-a12f-eeee0a99901e.OPERATION#flowable-async-job-executor-thread-13125#
[UploadAppStep] Getting package by id: "39d77753-1f4a-4e42-91bd-a3146dcf7875"#
#2026 06 08 19:13:55.201#Z#DEBUG#1d9878e4-636e-11f1-a12f-eeee0a99901e.OPERATION#flowable-async-job-executor-thread-13120#
[UploadAppStep] Getting package by id: "53ba9cff-9345-43e1-9886-e83eb9e79f6b"#
#2026 06 08 19:13:55.207#Z#DEBUG#1d9878e4-636e-11f1-a12f-eeee0a99901e.OPERATION#flowable-async-job-executor-thread-13125#
[UploadAppStep] Getting builds for application "1d21af92-b55b-4693-9a57-684f3d32d5d6"...#
#2026 06 08 19:13:55.251#Z#DEBUG#1d9878e4-636e-11f1-a12f-eeee0a99901e.OPERATION#flowable-async-job-executor-thread-13120#
[UploadAppStep] Getting builds for application "09bdb4e9-89a8-44d2-b0f2-2b6ea4138a0c"...#
#2026 06 08 19:13:55.307#Z#DEBUG#1d9878e4-636e-11f1-a12f-eeee0a99901e.OPERATION#flowable-async-job-executor-thread-13125#
[UploadAppStep] Getting the current droplet for application: "1d21af92-b55b-4693-9a57-684f3d32d5d6"#
#2026 06 08 19:13:55.320#Z#DEBUG#1d9878e4-636e-11f1-a12f-eeee0a99901e.OPERATION#flowable-async-job-executor-thread-13120#
[UploadAppStep] Getting the current droplet for application: "09bdb4e9-89a8-44d2-b0f2-2b6ea4138a0c"#
#2026 06 08 19:13:55.336#Z#INFO#1d9878e4-636e-11f1-a12f-eeee0a99901e.OPERATION#flowable-async-job-executor-thread-13125#
[UploadAppStep] Content of application "poapp-srv" is not changed - upload will be skipped.#
#2026 06 08 19:13:55.341#Z#DEBUG#1d9878e4-636e-11f1-a12f-eeee0a99901e.OPERATION#flowable-async-job-executor-thread-13125#
Step "Upload App" finished#
#2026 06 08 19:13:55.350#Z#INFO#1d9878e4-636e-11f1-a12f-eeee0a99901e.OPERATION#flowable-async-job-executor-thread-13120#
[UploadAppStep] Content of application "poapp-ui" is not changed - upload will be skipped.#
#2026 06 08 19:13:55.356#Z#DEBUG#1d9878e4-636e-11f1-a12f-eeee0a99901e.OPERATION#flowable-async-job-executor-thread-13120#
Step "Upload App" finished#
#2026 06 08 19:13:55.385#Z#DEBUG#1d9878e4-636e-11f1-a12f-eeee0a99901e.OPERATION#flowable-async-job-executor-thread-13125#
[ScaleAppStep] Executing task "scaleAppTask" of process "31183c1c-636e-11f1-9c31-eeee0a993047"...#
#2026 06 08 19:13:55.388#Z#DEBUG#1d9878e4-636e-11f1-a12f-eeee0a99901e.OPERATION#flowable-async-job-executor-thread-13125#
[ScaleAppStep] Scaling application "poapp-srv"...#
#2026 06 08 19:13:55.388#Z#DEBUG#1d9878e4-636e-11f1-a12f-eeee0a99901e.OPERATION#flowable-async-job-executor-thread-13125#
[ScaleAppStep] Getting application guid "poapp-srv"...#
#2026 06 08 19:13:55.394#Z#DEBUG#1d9878e4-636e-11f1-a12f-eeee0a99901e.OPERATION#flowable-async-job-executor-thread-13120#
[ScaleAppStep] Executing task "scaleAppTask" of process "3115a408-636e-11f1-9c31-eeee0a993047"...#
#2026 06 08 19:13:55.397#Z#DEBUG#1d9878e4-636e-11f1-a12f-eeee0a99901e.OPERATION#flowable-async-job-executor-thread-13120#
[ScaleAppStep] Scaling application "poapp-ui"...#
#2026 06 08 19:13:55.397#Z#DEBUG#1d9878e4-636e-11f1-a12f-eeee0a99901e.OPERATION#flowable-async-job-executor-thread-13120#
[ScaleAppStep] Getting application guid "poapp-ui"...#
#2026 06 08 19:13:55.433#Z#DEBUG#1d9878e4-636e-11f1-a12f-eeee0a99901e.OPERATION#flowable-async-job-executor-thread-13125#
[ScaleAppStep] Getting process for application "1d21af92-b55b-4693-9a57-684f3d32d5d6"...#
#2026 06 08 19:13:55.451#Z#DEBUG#1d9878e4-636e-11f1-a12f-eeee0a99901e.OPERATION#flowable-async-job-executor-thread-13120#
[ScaleAppStep] Getting process for application "09bdb4e9-89a8-44d2-b0f2-2b6ea4138a0c"...#
#2026 06 08 19:13:55.469#Z#DEBUG#1d9878e4-636e-11f1-a12f-eeee0a99901e.OPERATION#flowable-async-job-executor-thread-13125#
[ScaleAppStep] Application "poapp-srv" scaled#
#2026 06 08 19:13:55.469#Z#DEBUG#1d9878e4-636e-11f1-a12f-eeee0a99901e.OPERATION#flowable-async-job-executor-thread-13125#
Step "Scale App" finished#
#2026 06 08 19:13:55.486#Z#DEBUG#1d9878e4-636e-11f1-a12f-eeee0a99901e.OPERATION#flowable-async-job-executor-thread-13120#
[ScaleAppStep] Application "poapp-ui" scaled#
#2026 06 08 19:13:55.486#Z#DEBUG#1d9878e4-636e-11f1-a12f-eeee0a99901e.OPERATION#flowable-async-job-executor-thread-13120#
Step "Scale App" finished#
#2026 06 08 19:13:55.502#Z#DEBUG#1d9878e4-636e-11f1-a12f-eeee0a99901e.OPERATION#flowable-async-job-executor-thread-13125#
[DetermineDesiredStateAchievingActionsStep] Executing task "determineDesiredStateAchievingActionsTask" of process "31183c1c-636e-11f1-9c31-eeee0a993047"...#
#2026 06 08 19:13:55.503#Z#DEBUG#1d9878e4-636e-11f1-a12f-eeee0a99901e.OPERATION#flowable-async-job-executor-thread-13125#
[DetermineDesiredStateAchievingActionsStep] Getting application "poapp-srv"...#
#2026 06 08 19:13:55.521#Z#DEBUG#1d9878e4-636e-11f1-a12f-eeee0a99901e.OPERATION#flowable-async-job-executor-thread-13120#
[DetermineDesiredStateAchievingActionsStep] Executing task "determineDesiredStateAchievingActionsTask" of process "3115a408-636e-11f1-9c31-eeee0a993047"...#
#2026 06 08 19:13:55.523#Z#DEBUG#1d9878e4-636e-11f1-a12f-eeee0a99901e.OPERATION#flowable-async-job-executor-thread-13120#
[DetermineDesiredStateAchievingActionsStep] Getting application "poapp-ui"...#
#2026 06 08 19:13:55.551#Z#DEBUG#1d9878e4-636e-11f1-a12f-eeee0a99901e.OPERATION#flowable-async-job-executor-thread-13125#
[DetermineDesiredStateAchievingActionsStep] Getting instances for application "poapp-srv"...#
#2026 06 08 19:13:55.566#Z#DEBUG#1d9878e4-636e-11f1-a12f-eeee0a99901e.OPERATION#flowable-async-job-executor-thread-13120#
[DetermineDesiredStateAchievingActionsStep] Getting instances for application "poapp-ui"...#
#2026 06 08 19:13:55.606#Z#DEBUG#1d9878e4-636e-11f1-a12f-eeee0a99901e.OPERATION#flowable-async-job-executor-thread-13125#
[DetermineDesiredStateAchievingActionsStep] Getting environment of application "1d21af92-b55b-4693-9a57-684f3d32d5d6"...#
#2026 06 08 19:13:55.609#Z#DEBUG#1d9878e4-636e-11f1-a12f-eeee0a99901e.OPERATION#flowable-async-job-executor-thread-13120#
[DetermineDesiredStateAchievingActionsStep] Getting environment of application "09bdb4e9-89a8-44d2-b0f2-2b6ea4138a0c"...#
#2026 06 08 19:13:55.639#Z#DEBUG#1d9878e4-636e-11f1-a12f-eeee0a99901e.OPERATION#flowable-async-job-executor-thread-13125#
[DetermineDesiredStateAchievingActionsStep] Current state of application poapp-srv: STARTED#
#2026 06 08 19:13:55.639#Z#DEBUG#1d9878e4-636e-11f1-a12f-eeee0a99901e.OPERATION#flowable-async-job-executor-thread-13125#
[DetermineDesiredStateAchievingActionsStep] Desired state of application poapp-srv: STARTED#
#2026 06 08 19:13:55.639#Z#DEBUG#1d9878e4-636e-11f1-a12f-eeee0a99901e.OPERATION#flowable-async-job-executor-thread-13125#
[DetermineDesiredStateAchievingActionsStep] Actions that should be executed on application poapp-srv: [STOP, STAGE, START]#
#2026 06 08 19:13:55.640#Z#DEBUG#1d9878e4-636e-11f1-a12f-eeee0a99901e.OPERATION#flowable-async-job-executor-thread-13125#
Step "Determine Desired State Achieving Actions" finished#
#2026 06 08 19:13:55.645#Z#DEBUG#1d9878e4-636e-11f1-a12f-eeee0a99901e.OPERATION#flowable-async-job-executor-thread-13120#
[DetermineDesiredStateAchievingActionsStep] Current state of application poapp-ui: STARTED#
#2026 06 08 19:13:55.645#Z#DEBUG#1d9878e4-636e-11f1-a12f-eeee0a99901e.OPERATION#flowable-async-job-executor-thread-13120#
[DetermineDesiredStateAchievingActionsStep] Desired state of application poapp-ui: STARTED#
#2026 06 08 19:13:55.645#Z#DEBUG#1d9878e4-636e-11f1-a12f-eeee0a99901e.OPERATION#flowable-async-job-executor-thread-13120#
[DetermineDesiredStateAchievingActionsStep] Actions that should be executed on application poapp-ui: [STOP, STAGE, START]#
#2026 06 08 19:13:55.645#Z#DEBUG#1d9878e4-636e-11f1-a12f-eeee0a99901e.OPERATION#flowable-async-job-executor-thread-13120#
Step "Determine Desired State Achieving Actions" finished#
#2026 06 08 19:13:55.683#Z#DEBUG#1d9878e4-636e-11f1-a12f-eeee0a99901e.OPERATION#flowable-async-job-executor-thread-13125#
[StopAppStep] Executing task "stopAppTask" of process "31183c1c-636e-11f1-9c31-eeee0a993047"...#
#2026 06 08 19:13:55.684#Z#DEBUG#1d9878e4-636e-11f1-a12f-eeee0a99901e.OPERATION#flowable-async-job-executor-thread-13120#
[StopAppStep] Executing task "stopAppTask" of process "3115a408-636e-11f1-9c31-eeee0a993047"...#
#2026 06 08 19:13:55.685#Z#INFO#1d9878e4-636e-11f1-a12f-eeee0a99901e.OPERATION#flowable-async-job-executor-thread-13125#
[StopAppStep] Stopping application "poapp-srv"...#
#2026 06 08 19:13:55.687#Z#INFO#1d9878e4-636e-11f1-a12f-eeee0a99901e.OPERATION#flowable-async-job-executor-thread-13120#
[StopAppStep] Stopping application "poapp-ui"...#
#2026 06 08 19:13:55.692#Z#DEBUG#1d9878e4-636e-11f1-a12f-eeee0a99901e.OPERATION#flowable-async-job-executor-thread-13125#
[StopAppStep] Stopping application "poapp-srv"...#
#2026 06 08 19:13:55.693#Z#DEBUG#1d9878e4-636e-11f1-a12f-eeee0a99901e.OPERATION#flowable-async-job-executor-thread-13120#
[StopAppStep] Stopping application "poapp-ui"...#
#2026 06 08 19:13:55.841#Z#DEBUG#1d9878e4-636e-11f1-a12f-eeee0a99901e.OPERATION#flowable-async-job-executor-thread-13125#
[StopAppStep] Application "poapp-srv" stopped#
#2026 06 08 19:13:55.842#Z#DEBUG#1d9878e4-636e-11f1-a12f-eeee0a99901e.OPERATION#flowable-async-job-executor-thread-13125#
[StopAppStep] Getting environment of application "1d21af92-b55b-4693-9a57-684f3d32d5d6"...#
#2026 06 08 19:13:55.846#Z#DEBUG#1d9878e4-636e-11f1-a12f-eeee0a99901e.OPERATION#flowable-async-job-executor-thread-13120#
[StopAppStep] Application "poapp-ui" stopped#
#2026 06 08 19:13:55.847#Z#DEBUG#1d9878e4-636e-11f1-a12f-eeee0a99901e.OPERATION#flowable-async-job-executor-thread-13120#
[StopAppStep] Getting environment of application "09bdb4e9-89a8-44d2-b0f2-2b6ea4138a0c"...#
#2026 06 08 19:13:55.879#Z#DEBUG#1d9878e4-636e-11f1-a12f-eeee0a99901e.OPERATION#flowable-async-job-executor-thread-13125#
Step "Stop App" finished#
#2026 06 08 19:13:55.887#Z#DEBUG#1d9878e4-636e-11f1-a12f-eeee0a99901e.OPERATION#flowable-async-job-executor-thread-13120#
Step "Stop App" finished#
#2026 06 08 19:13:55.929#Z#DEBUG#1d9878e4-636e-11f1-a12f-eeee0a99901e.OPERATION#flowable-async-job-executor-thread-13125#
[StageAppStep] Executing task "stageAppTask" of process "31d5e639-636e-11f1-9c31-eeee0a993047"...#
#2026 06 08 19:13:55.930#Z#DEBUG#1d9878e4-636e-11f1-a12f-eeee0a99901e.OPERATION#flowable-async-job-executor-thread-13125#
[StageAppStep] Application stage timeout is default one: 3,600 seconds#
#2026 06 08 19:13:55.932#Z#DEBUG#1d9878e4-636e-11f1-a12f-eeee0a99901e.OPERATION#flowable-async-job-executor-thread-13125#
Step "Stage App" finished#
#2026 06 08 19:13:56.000#Z#DEBUG#1d9878e4-636e-11f1-a12f-eeee0a99901e.OPERATION#flowable-async-job-executor-thread-13120#
[StageAppStep] Executing task "stageAppTask" of process "31d6d0a5-636e-11f1-9c31-eeee0a993047"...#
#2026 06 08 19:13:56.001#Z#DEBUG#1d9878e4-636e-11f1-a12f-eeee0a99901e.OPERATION#flowable-async-job-executor-thread-13120#
[StageAppStep] Application stage timeout is default one: 3,600 seconds#
#2026 06 08 19:13:56.003#Z#DEBUG#1d9878e4-636e-11f1-a12f-eeee0a99901e.OPERATION#flowable-async-job-executor-thread-13120#
Step "Stage App" finished#
#2026 06 08 19:13:55.983#Z#DEBUG#1d9878e4-636e-11f1-a12f-eeee0a99901e.OPERATION#flowable-async-job-executor-thread-13125#
[RestartAppStep] Executing task "startAppTask" of process "31d5e639-636e-11f1-9c31-eeee0a993047"...#
#2026 06 08 19:13:55.986#Z#DEBUG#1d9878e4-636e-11f1-a12f-eeee0a99901e.OPERATION#flowable-async-job-executor-thread-13125#
[RestartAppStep] Application start timeout is default one: 3,600 seconds#
#2026 06 08 19:13:55.992#Z#DEBUG#1d9878e4-636e-11f1-a12f-eeee0a99901e.OPERATION#flowable-async-job-executor-thread-13125#
[RestartAppStep] Getting application "poapp-srv"...#
#2026 06 08 19:13:56.035#Z#INFO#1d9878e4-636e-11f1-a12f-eeee0a99901e.OPERATION#flowable-async-job-executor-thread-13125#
[RestartAppStep] Starting application "poapp-srv"...#
#2026 06 08 19:13:56.047#Z#DEBUG#1d9878e4-636e-11f1-a12f-eeee0a99901e.OPERATION#flowable-async-job-executor-thread-13125#
[RestartAppStep] Starting application "poapp-srv"...#
#2026 06 08 19:13:56.062#Z#DEBUG#1d9878e4-636e-11f1-a12f-eeee0a99901e.OPERATION#flowable-async-job-executor-thread-13120#
[RestartAppStep] Executing task "startAppTask" of process "31d6d0a5-636e-11f1-9c31-eeee0a993047"...#
#2026 06 08 19:13:56.067#Z#DEBUG#1d9878e4-636e-11f1-a12f-eeee0a99901e.OPERATION#flowable-async-job-executor-thread-13120#
[RestartAppStep] Application start timeout is default one: 3,600 seconds#
#2026 06 08 19:13:56.080#Z#DEBUG#1d9878e4-636e-11f1-a12f-eeee0a99901e.OPERATION#flowable-async-job-executor-thread-13120#
[RestartAppStep] Getting application "poapp-ui"...#
#2026 06 08 19:13:56.128#Z#INFO#1d9878e4-636e-11f1-a12f-eeee0a99901e.OPERATION#flowable-async-job-executor-thread-13120#
[RestartAppStep] Starting application "poapp-ui"...#
#2026 06 08 19:13:56.133#Z#DEBUG#1d9878e4-636e-11f1-a12f-eeee0a99901e.OPERATION#flowable-async-job-executor-thread-13120#
[RestartAppStep] Starting application "poapp-ui"...#
#2026 06 08 19:13:56.254#Z#DEBUG#1d9878e4-636e-11f1-a12f-eeee0a99901e.OPERATION#flowable-async-job-executor-thread-13125#
Step "Start App" finished#
#2026 06 08 19:13:56.533#Z#DEBUG#1d9878e4-636e-11f1-a12f-eeee0a99901e.OPERATION#flowable-async-job-executor-thread-13120#
Step "Start App" finished#
#2026 06 08 19:14:04.394#Z#DEBUG#1d9878e4-636e-11f1-a12f-eeee0a99901e.OPERATION#flowable-async-job-executor-thread-13128#
[RestartAppStep] Executing task "startAppTask" of process "320ea974-636e-11f1-9c31-eeee0a993047"...#
#2026 06 08 19:14:04.397#Z#DEBUG#1d9878e4-636e-11f1-a12f-eeee0a99901e.OPERATION#flowable-async-job-executor-thread-13128#
[RestartAppStep] Application start timeout is default one: 3,600 seconds#
#2026 06 08 19:14:04.398#Z#DEBUG#1d9878e4-636e-11f1-a12f-eeee0a99901e.OPERATION#flowable-async-job-executor-thread-13128#
[RestartAppStep] Checking status of application "poapp-srv"...#
#2026 06 08 19:14:04.398#Z#DEBUG#1d9878e4-636e-11f1-a12f-eeee0a99901e.OPERATION#flowable-async-job-executor-thread-13128#
[RestartAppStep] Getting application "poapp-srv"...#
#2026 06 08 19:14:04.440#Z#DEBUG#1d9878e4-636e-11f1-a12f-eeee0a99901e.OPERATION#flowable-async-job-executor-thread-13128#
[RestartAppStep] Getting instances for application "poapp-srv"...#
#2026 06 08 19:14:04.489#Z#DEBUG#1d9878e4-636e-11f1-a12f-eeee0a99901e.OPERATION#flowable-async-job-executor-thread-13128#
[RestartAppStep] Application "poapp-srv": 0 of 1 instances running (1 starting)#
#2026 06 08 19:14:04.555#Z#DEBUG#1d9878e4-636e-11f1-a12f-eeee0a99901e.OPERATION#flowable-async-job-executor-thread-13128#
Step "Start App" finished#
#2026 06 08 19:14:04.423#Z#DEBUG#1d9878e4-636e-11f1-a12f-eeee0a99901e.OPERATION#flowable-async-job-executor-thread-12547#
[ExecuteTaskStep] Executing task "executeTaskTask" of process "2898f11d-636e-11f1-a12f-eeee0a99901e"...#
#2026 06 08 19:14:04.424#Z#DEBUG#1d9878e4-636e-11f1-a12f-eeee0a99901e.OPERATION#flowable-async-job-executor-thread-12547#
[ExecuteTaskStep] Application task execution timeout is default one: 43,200 seconds#
#2026 06 08 19:14:04.427#Z#DEBUG#1d9878e4-636e-11f1-a12f-eeee0a99901e.OPERATION#flowable-async-job-executor-thread-12547#
[ExecuteTaskStep] Getting task "57f9347c-f0ad-4981-b889-64a319477d2b"...#
#2026 06 08 19:14:04.461#Z#DEBUG#1d9878e4-636e-11f1-a12f-eeee0a99901e.OPERATION#flowable-async-job-executor-thread-12547#
[ExecuteTaskStep] Task execution status: succeeded#
#2026 06 08 19:14:04.462#Z#DEBUG#1d9878e4-636e-11f1-a12f-eeee0a99901e.OPERATION#flowable-async-job-executor-thread-12547#
[ExecuteTaskStep] Getting application guid "poapp-db-deployer"...#
#2026 06 08 19:14:04.558#Z#DEBUG#1d9878e4-636e-11f1-a12f-eeee0a99901e.OPERATION#flowable-async-job-executor-thread-12547#
Step "Execute Task" finished#
#2026 06 08 19:14:04.424#Z#DEBUG#1d9878e4-636e-11f1-a12f-eeee0a99901e.OPERATION#flowable-async-job-executor-thread-12548#
[RestartAppStep] Executing task "startAppTask" of process "32398a0f-636e-11f1-9c31-eeee0a993047"...#
#2026 06 08 19:14:04.429#Z#DEBUG#1d9878e4-636e-11f1-a12f-eeee0a99901e.OPERATION#flowable-async-job-executor-thread-12548#
[RestartAppStep] Application start timeout is default one: 3,600 seconds#
#2026 06 08 19:14:04.430#Z#DEBUG#1d9878e4-636e-11f1-a12f-eeee0a99901e.OPERATION#flowable-async-job-executor-thread-12548#
[RestartAppStep] Checking status of application "poapp-ui"...#
#2026 06 08 19:14:04.430#Z#DEBUG#1d9878e4-636e-11f1-a12f-eeee0a99901e.OPERATION#flowable-async-job-executor-thread-12548#
[RestartAppStep] Getting application "poapp-ui"...#
#2026 06 08 19:14:04.473#Z#DEBUG#1d9878e4-636e-11f1-a12f-eeee0a99901e.OPERATION#flowable-async-job-executor-thread-12548#
[RestartAppStep] Getting instances for application "poapp-ui"...#
#2026 06 08 19:14:04.517#Z#DEBUG#1d9878e4-636e-11f1-a12f-eeee0a99901e.OPERATION#flowable-async-job-executor-thread-12548#
[RestartAppStep] Application "poapp-ui": 0 of 1 instances running (1 starting)#
#2026 06 08 19:14:04.586#Z#DEBUG#1d9878e4-636e-11f1-a12f-eeee0a99901e.OPERATION#flowable-async-job-executor-thread-12548#
Step "Start App" finished#
#2026 06 08 19:14:04.599#Z#DEBUG#1d9878e4-636e-11f1-a12f-eeee0a99901e.OPERATION#flowable-async-job-executor-thread-12547#
[IncrementIndexStep] Executing task "incrementTaskIndexTask" of process "2898f11d-636e-11f1-a12f-eeee0a99901e"...#
#2026 06 08 19:14:04.602#Z#DEBUG#1d9878e4-636e-11f1-a12f-eeee0a99901e.OPERATION#flowable-async-job-executor-thread-12547#
Step "Increment Task Index" finished#
#2026 06 08 19:14:04.670#Z#DEBUG#1d9878e4-636e-11f1-a12f-eeee0a99901e.OPERATION#flowable-async-job-executor-thread-12547#
[PublishConfigurationEntriesStep] Executing task "publishProvidedDependenciesTask" of process "27fadbe7-636e-11f1-a12f-eeee0a99901e"...#
#2026 06 08 19:14:04.671#Z#DEBUG#1d9878e4-636e-11f1-a12f-eeee0a99901e.OPERATION#flowable-async-job-executor-thread-12547#
[PublishConfigurationEntriesStep] Publishing public provided dependencies for application "poapp-db-deployer"...#
#2026 06 08 19:14:04.672#Z#DEBUG#1d9878e4-636e-11f1-a12f-eeee0a99901e.OPERATION#flowable-async-job-executor-thread-12547#
[PublishConfigurationEntriesStep] No public provided dependencies for publishing#
#2026 06 08 19:14:04.672#Z#DEBUG#1d9878e4-636e-11f1-a12f-eeee0a99901e.OPERATION#flowable-async-job-executor-thread-12547#
Step "Publish Provided Dependencies" finished#
#2026 06 08 19:14:04.711#Z#DEBUG#1d9878e4-636e-11f1-a12f-eeee0a99901e.OPERATION#flowable-async-job-executor-thread-12547#
[CreateOrUpdateServiceBrokerStep] Executing task "createOrUpdateServiceBrokerTask" of process "27fadbe7-636e-11f1-a12f-eeee0a99901e"...#
#2026 06 08 19:14:04.713#Z#DEBUG#1d9878e4-636e-11f1-a12f-eeee0a99901e.OPERATION#flowable-async-job-executor-thread-12547#
[CreateOrUpdateServiceBrokerStep] Creating service brokers...#
#2026 06 08 19:14:04.714#Z#DEBUG#1d9878e4-636e-11f1-a12f-eeee0a99901e.OPERATION#flowable-async-job-executor-thread-12547#
Step "Create Or Update Service Broker " finished#
#2026 06 08 19:14:14.478#Z#DEBUG#1d9878e4-636e-11f1-a12f-eeee0a99901e.OPERATION#flowable-async-job-executor-thread-12553#
[RestartAppStep] Executing task "startAppTask" of process "37067b2b-636e-11f1-9a00-eeee0a8640b0"...#
#2026 06 08 19:14:14.480#Z#DEBUG#1d9878e4-636e-11f1-a12f-eeee0a99901e.OPERATION#flowable-async-job-executor-thread-12553#
[RestartAppStep] Application start timeout is default one: 3,600 seconds#
#2026 06 08 19:14:14.480#Z#DEBUG#1d9878e4-636e-11f1-a12f-eeee0a99901e.OPERATION#flowable-async-job-executor-thread-12553#
[RestartAppStep] Checking status of application "poapp-ui"...#
#2026 06 08 19:14:14.481#Z#DEBUG#1d9878e4-636e-11f1-a12f-eeee0a99901e.OPERATION#flowable-async-job-executor-thread-12553#
[RestartAppStep] Getting instances for application "poapp-ui"...#
#2026 06 08 19:14:14.522#Z#DEBUG#1d9878e4-636e-11f1-a12f-eeee0a99901e.OPERATION#flowable-async-job-executor-thread-12553#
[RestartAppStep] Application "poapp-ui": 1 of 1 instances running (1 running)#
#2026 06 08 19:14:14.597#Z#DEBUG#1d9878e4-636e-11f1-a12f-eeee0a99901e.OPERATION#flowable-async-job-executor-thread-12553#
[RestartAppStep] Getting routes for application "09bdb4e9-89a8-44d2-b0f2-2b6ea4138a0c"...#
#2026 06 08 19:14:14.637#Z#INFO#1d9878e4-636e-11f1-a12f-eeee0a99901e.OPERATION#flowable-async-job-executor-thread-12553#
[RestartAppStep] Application "poapp-ui" started and available at "4813756dtrial-dev-poapp-ui.cfapps.us10-001.hana.ondemand.com"#
#2026 06 08 19:14:14.643#Z#DEBUG#1d9878e4-636e-11f1-a12f-eeee0a99901e.OPERATION#flowable-async-job-executor-thread-12553#
Step "Start App" finished#
#2026 06 08 19:14:14.469#Z#DEBUG#1d9878e4-636e-11f1-a12f-eeee0a99901e.OPERATION#flowable-async-job-executor-thread-13135#
[RestartAppStep] Executing task "startAppTask" of process "3701996f-636e-11f1-9c31-eeee0a993047"...#
#2026 06 08 19:14:14.471#Z#DEBUG#1d9878e4-636e-11f1-a12f-eeee0a99901e.OPERATION#flowable-async-job-executor-thread-13135#
[RestartAppStep] Application start timeout is default one: 3,600 seconds#
#2026 06 08 19:14:14.471#Z#DEBUG#1d9878e4-636e-11f1-a12f-eeee0a99901e.OPERATION#flowable-async-job-executor-thread-13135#
[RestartAppStep] Checking status of application "poapp-srv"...#
#2026 06 08 19:14:14.472#Z#DEBUG#1d9878e4-636e-11f1-a12f-eeee0a99901e.OPERATION#flowable-async-job-executor-thread-13135#
[RestartAppStep] Getting instances for application "poapp-srv"...#
#2026 06 08 19:14:14.541#Z#DEBUG#1d9878e4-636e-11f1-a12f-eeee0a99901e.OPERATION#flowable-async-job-executor-thread-13135#
[RestartAppStep] Application "poapp-srv": 1 of 1 instances running (1 running)#
#2026 06 08 19:14:14.598#Z#DEBUG#1d9878e4-636e-11f1-a12f-eeee0a99901e.OPERATION#flowable-async-job-executor-thread-13135#
[RestartAppStep] Getting routes for application "1d21af92-b55b-4693-9a57-684f3d32d5d6"...#
#2026 06 08 19:14:14.642#Z#INFO#1d9878e4-636e-11f1-a12f-eeee0a99901e.OPERATION#flowable-async-job-executor-thread-13135#
[RestartAppStep] Application "poapp-srv" started and available at "4813756dtrial-dev-poapp-srv.cfapps.us10-001.hana.ondemand.com"#
#2026 06 08 19:14:14.649#Z#DEBUG#1d9878e4-636e-11f1-a12f-eeee0a99901e.OPERATION#flowable-async-job-executor-thread-13135#
Step "Start App" finished#
#2026 06 08 19:14:24.506#Z#DEBUG#1d9878e4-636e-11f1-a12f-eeee0a99901e.OPERATION#flowable-async-job-executor-thread-12564#
[RestartAppStep] Executing task "startAppTask" of process "3d04c145-636e-11f1-9a00-eeee0a8640b0"...#
#2026 06 08 19:14:24.508#Z#DEBUG#1d9878e4-636e-11f1-a12f-eeee0a99901e.OPERATION#flowable-async-job-executor-thread-12564#
[RestartAppStep] Application start timeout is default one: 3,600 seconds#
#2026 06 08 19:14:24.510#Z#DEBUG#1d9878e4-636e-11f1-a12f-eeee0a99901e.OPERATION#flowable-async-job-executor-thread-12564#
Step "Start App" finished#
#2026 06 08 19:14:24.517#Z#DEBUG#1d9878e4-636e-11f1-a12f-eeee0a99901e.OPERATION#flowable-async-job-executor-thread-12560#
[RestartAppStep] Executing task "startAppTask" of process "3d05ab8c-636e-11f1-9c31-eeee0a993047"...#
#2026 06 08 19:14:24.518#Z#DEBUG#1d9878e4-636e-11f1-a12f-eeee0a99901e.OPERATION#flowable-async-job-executor-thread-12560#
[RestartAppStep] Application start timeout is default one: 3,600 seconds#
#2026 06 08 19:14:24.520#Z#DEBUG#1d9878e4-636e-11f1-a12f-eeee0a99901e.OPERATION#flowable-async-job-executor-thread-12560#
Step "Start App" finished#
#2026 06 08 19:14:24.604#Z#DEBUG#1d9878e4-636e-11f1-a12f-eeee0a99901e.OPERATION#flowable-async-job-executor-thread-12564#
[PrepareToExecuteTasksStep] Executing task "prepareToExecuteTasksTask" of process "42ed34fd-636e-11f1-9a00-eeee0a8640b0"...#
#2026 06 08 19:14:24.604#Z#DEBUG#1d9878e4-636e-11f1-a12f-eeee0a99901e.OPERATION#flowable-async-job-executor-thread-12560#
[PrepareToExecuteTasksStep] Executing task "prepareToExecuteTasksTask" of process "42ee93a9-636e-11f1-9a00-eeee0a8640b0"...#
#2026 06 08 19:14:24.606#Z#DEBUG#1d9878e4-636e-11f1-a12f-eeee0a99901e.OPERATION#flowable-async-job-executor-thread-12564#
Step "Prepare To Execute Tasks" finished#
#2026 06 08 19:14:24.606#Z#DEBUG#1d9878e4-636e-11f1-a12f-eeee0a99901e.OPERATION#flowable-async-job-executor-thread-12560#
Step "Prepare To Execute Tasks" finished#
#2026 06 08 19:14:24.677#Z#DEBUG#1d9878e4-636e-11f1-a12f-eeee0a99901e.OPERATION#flowable-async-job-executor-thread-12560#
[PublishConfigurationEntriesStep] Executing task "publishProvidedDependenciesTask" of process "42e82bcc-636e-11f1-9a00-eeee0a8640b0"...#
#2026 06 08 19:14:24.678#Z#DEBUG#1d9878e4-636e-11f1-a12f-eeee0a99901e.OPERATION#flowable-async-job-executor-thread-12560#
[PublishConfigurationEntriesStep] Publishing public provided dependencies for application "poapp-srv"...#
#2026 06 08 19:14:24.679#Z#DEBUG#1d9878e4-636e-11f1-a12f-eeee0a99901e.OPERATION#flowable-async-job-executor-thread-12560#
[PublishConfigurationEntriesStep] No public provided dependencies for publishing#
#2026 06 08 19:14:24.679#Z#DEBUG#1d9878e4-636e-11f1-a12f-eeee0a99901e.OPERATION#flowable-async-job-executor-thread-12560#
Step "Publish Provided Dependencies" finished#
#2026 06 08 19:14:24.685#Z#DEBUG#1d9878e4-636e-11f1-a12f-eeee0a99901e.OPERATION#flowable-async-job-executor-thread-12564#
[PublishConfigurationEntriesStep] Executing task "publishProvidedDependenciesTask" of process "42e65700-636e-11f1-9a00-eeee0a8640b0"...#
#2026 06 08 19:14:24.686#Z#DEBUG#1d9878e4-636e-11f1-a12f-eeee0a99901e.OPERATION#flowable-async-job-executor-thread-12564#
[PublishConfigurationEntriesStep] Publishing public provided dependencies for application "poapp-ui"...#
#2026 06 08 19:14:24.687#Z#DEBUG#1d9878e4-636e-11f1-a12f-eeee0a99901e.OPERATION#flowable-async-job-executor-thread-12564#
[PublishConfigurationEntriesStep] No public provided dependencies for publishing#
#2026 06 08 19:14:24.687#Z#DEBUG#1d9878e4-636e-11f1-a12f-eeee0a99901e.OPERATION#flowable-async-job-executor-thread-12564#
Step "Publish Provided Dependencies" finished#
#2026 06 08 19:14:24.713#Z#DEBUG#1d9878e4-636e-11f1-a12f-eeee0a99901e.OPERATION#flowable-async-job-executor-thread-12560#
[CreateOrUpdateServiceBrokerStep] Executing task "createOrUpdateServiceBrokerTask" of process "42e82bcc-636e-11f1-9a00-eeee0a8640b0"...#
#2026 06 08 19:14:24.715#Z#DEBUG#1d9878e4-636e-11f1-a12f-eeee0a99901e.OPERATION#flowable-async-job-executor-thread-12560#
[CreateOrUpdateServiceBrokerStep] Creating service brokers...#
#2026 06 08 19:14:24.715#Z#DEBUG#1d9878e4-636e-11f1-a12f-eeee0a99901e.OPERATION#flowable-async-job-executor-thread-12560#
Step "Create Or Update Service Broker " finished#
#2026 06 08 19:14:24.722#Z#DEBUG#1d9878e4-636e-11f1-a12f-eeee0a99901e.OPERATION#flowable-async-job-executor-thread-12564#
[CreateOrUpdateServiceBrokerStep] Executing task "createOrUpdateServiceBrokerTask" of process "42e65700-636e-11f1-9a00-eeee0a8640b0"...#
#2026 06 08 19:14:24.724#Z#DEBUG#1d9878e4-636e-11f1-a12f-eeee0a99901e.OPERATION#flowable-async-job-executor-thread-12564#
[CreateOrUpdateServiceBrokerStep] Creating service brokers...#
#2026 06 08 19:14:24.725#Z#DEBUG#1d9878e4-636e-11f1-a12f-eeee0a99901e.OPERATION#flowable-async-job-executor-thread-12564#
Step "Create Or Update Service Broker " finished#
#2026 06 08 19:14:26.047#Z#DEBUG#1d9878e4-636e-11f1-a12f-eeee0a99901e.OPERATION#flowable-async-job-executor-thread-13143#
[CreateSubscriptionsStep] Executing task "createSubscriptionsTask" of process "43be8dcc-636e-11f1-9c31-eeee0a993047"...#
#2026 06 08 19:14:26.048#Z#DEBUG#1d9878e4-636e-11f1-a12f-eeee0a99901e.OPERATION#flowable-async-job-executor-thread-13143#
[CreateSubscriptionsStep] Creating subscriptions...#
#2026 06 08 19:14:26.050#Z#DEBUG#1d9878e4-636e-11f1-a12f-eeee0a99901e.OPERATION#flowable-async-job-executor-thread-13143#
[CreateSubscriptionsStep] Subscriptions created#
#2026 06 08 19:14:26.050#Z#DEBUG#1d9878e4-636e-11f1-a12f-eeee0a99901e.OPERATION#flowable-async-job-executor-thread-13143#
Step "Create Subscriptions" finished#
#2026 06 08 19:14:26.085#Z#DEBUG#1d9878e4-636e-11f1-a12f-eeee0a99901e.OPERATION#flowable-async-job-executor-thread-13144#
[DeleteSubscriptionsStep] Executing task "deleteSubscriptionsTask" of process "43be8dcc-636e-11f1-9c31-eeee0a993047"...#
#2026 06 08 19:14:26.086#Z#DEBUG#1d9878e4-636e-11f1-a12f-eeee0a99901e.OPERATION#flowable-async-job-executor-thread-13144#
[DeleteSubscriptionsStep] Deleting discontinued subscriptions...#
#2026 06 08 19:14:26.087#Z#DEBUG#1d9878e4-636e-11f1-a12f-eeee0a99901e.OPERATION#flowable-async-job-executor-thread-13144#
[DeleteSubscriptionsStep] Subscriptions to delete: [ ]#
#2026 06 08 19:14:26.087#Z#DEBUG#1d9878e4-636e-11f1-a12f-eeee0a99901e.OPERATION#flowable-async-job-executor-thread-13144#
[DeleteSubscriptionsStep] Deleted discontinued subscriptions#
#2026 06 08 19:14:26.087#Z#DEBUG#1d9878e4-636e-11f1-a12f-eeee0a99901e.OPERATION#flowable-async-job-executor-thread-13144#
Step "Delete Subscriptions" finished#
#2026 06 08 19:14:26.116#Z#DEBUG#1d9878e4-636e-11f1-a12f-eeee0a99901e.OPERATION#flowable-async-job-executor-thread-13145#
[DeleteDiscontinuedConfigurationEntriesStep] Executing task "deleteDiscontinuedConfigurationEntriesTask" of process "43be8dcc-636e-11f1-9c31-eeee0a993047"...#
#2026 06 08 19:14:26.118#Z#DEBUG#1d9878e4-636e-11f1-a12f-eeee0a99901e.OPERATION#flowable-async-job-executor-thread-13145#
[DeleteDiscontinuedConfigurationEntriesStep] Deleting discontinued published dependencies...#
#2026 06 08 19:14:26.181#Z#DEBUG#1d9878e4-636e-11f1-a12f-eeee0a99901e.OPERATION#flowable-async-job-executor-thread-13145#
[DeleteDiscontinuedConfigurationEntriesStep] Deleted entries: [ ]#
#2026 06 08 19:14:26.181#Z#DEBUG#1d9878e4-636e-11f1-a12f-eeee0a99901e.OPERATION#flowable-async-job-executor-thread-13145#
[DeleteDiscontinuedConfigurationEntriesStep] Discontinued published dependencies deleted#
#2026 06 08 19:14:26.181#Z#DEBUG#1d9878e4-636e-11f1-a12f-eeee0a99901e.OPERATION#flowable-async-job-executor-thread-13145#
Step "Delete Discontinued Configuration Entries" finished#
#2026 06 08 19:14:26.187#Z#WARN#1d9878e4-636e-11f1-a12f-eeee0a99901e.OPERATION#flowable-async-job-executor-thread-13145#
[DoNotDeleteServicesListener] Skipping deletion of services, because the command line option "--delete-services" is not specified.#
#2026 06 08 19:14:26.228#Z#DEBUG#1d9878e4-636e-11f1-a12f-eeee0a99901e.OPERATION#flowable-async-job-executor-thread-13146#
[DetachServicesFromMtaStep] Executing task "detachServicesFromMtaTask" of process "43e59de5-636e-11f1-9c31-eeee0a993047"...#
#2026 06 08 19:14:26.229#Z#DEBUG#1d9878e4-636e-11f1-a12f-eeee0a99901e.OPERATION#flowable-async-job-executor-thread-13146#
[DetachServicesFromMtaStep] Detaching services from MTA...#
#2026 06 08 19:14:26.231#Z#DEBUG#1d9878e4-636e-11f1-a12f-eeee0a99901e.OPERATION#flowable-async-job-executor-thread-13146#
[DetachServicesFromMtaStep] Getting service instances without auxiliary content by names []...#
#2026 06 08 19:14:26.231#Z#DEBUG#1d9878e4-636e-11f1-a12f-eeee0a99901e.OPERATION#flowable-async-job-executor-thread-13146#
[DetachServicesFromMtaStep] Detached services from MTA#
#2026 06 08 19:14:26.231#Z#DEBUG#1d9878e4-636e-11f1-a12f-eeee0a99901e.OPERATION#flowable-async-job-executor-thread-13146#
Step "Detach Services from MTA" finished#
#2026 06 08 19:14:26.257#Z#DEBUG#1d9878e4-636e-11f1-a12f-eeee0a99901e.OPERATION#flowable-async-job-executor-thread-13147#
[UpdateSubscribersStep] Executing task "updateSubscribersTask" of process "43e59de5-636e-11f1-9c31-eeee0a993047"...#
#2026 06 08 19:14:26.258#Z#DEBUG#1d9878e4-636e-11f1-a12f-eeee0a99901e.OPERATION#flowable-async-job-executor-thread-13147#
[UpdateSubscribersStep] Updating subscribers...#
#2026 06 08 19:14:26.347#Z#DEBUG#1d9878e4-636e-11f1-a12f-eeee0a99901e.OPERATION#flowable-async-job-executor-thread-13147#
[UpdateSubscribersStep] Subscribers updated#
#2026 06 08 19:14:26.347#Z#DEBUG#1d9878e4-636e-11f1-a12f-eeee0a99901e.OPERATION#flowable-async-job-executor-thread-13147#
Step "Update Subscribers" finished#
#2026 06 08 19:14:26.384#Z#DEBUG#1d9878e4-636e-11f1-a12f-eeee0a99901e.OPERATION#flowable-async-job-executor-thread-13148#
[RestartSubscribersStep] Executing task "restartSubscribersTask" of process "43e59de5-636e-11f1-9c31-eeee0a993047"...#
#2026 06 08 19:14:26.386#Z#DEBUG#1d9878e4-636e-11f1-a12f-eeee0a99901e.OPERATION#flowable-async-job-executor-thread-13148#
Step "Restart Subscribers" finished#
#2026 06 08 19:14:26.418#Z#DEBUG#1d9878e4-636e-11f1-a12f-eeee0a99901e.OPERATION#flowable-async-job-executor-thread-13149#
[PrepareToRestartServiceBrokerSubscribersStep] Executing task "prepareToRestartServiceBrokerSubscribersTask" of process "43e59de5-636e-11f1-9c31-eeee0a993047"...#
#2026 06 08 19:14:26.421#Z#DEBUG#1d9878e4-636e-11f1-a12f-eeee0a99901e.OPERATION#flowable-async-job-executor-thread-13149#
Step "Prepare To Restart Service Brokers Subscribers" finished#
